,,,,,Games,Games,Passing,Passing,Passing,Passing,Passing,Rushing,Rushing,Rushing,Rushing,Receiving,Receiving,Receiving,Receiving,Receiving,,,Fantasy,Fantasy,Fantasy,Fantasy,Fantasy,Fantasy,Fantasy
Rk,X,Tm,FantPos,Age,G,GS,Cmp,Att,Yds,TD,Int,Att,Yds,Y/A,TD,Tgt,Rec,Yds,Y/R,TD,2PM,2PP,FantPt,PPR,DKPt,FDPt,VBD,PosRank,OvRank
1,Todd Gurley\GurlTo01,LAR,RB,24,5,5,0,0,0,0,0,101,415,4.11,7,25,19,230,12.11,2,2,,121,140,146.5,130,77,1,1
2,Alvin Kamara\KamaAl00,NOR,RB,23,5,4,0,0,0,0,0,62,299,4.82,5,51,38,351,9.24,1,2,,105,143,149,124,62,2,2
3,Melvin Gordon\GordMe00,LAC,RB,25,5,5,0,0,0,0,0,73,334,4.58,3,38,28,261,9.32,3,2,,100,128,133.5,113.5,56,3,3
4,James Conner\ConnJa00,PIT,RB,23,5,4,0,0,0,0,0,84,342,4.07,5,28,22,239,10.86,0,2,,90,112,119.1,101.1,47,4,4
5,Saquon Barkley\BarkSa00,NYG,RB,21,5,5,0,0,0,0,0,71,308,4.34,3,39,31,274,8.84,2,,,88,119,125.2,103.7,45,5,5
6,Ezekiel Elliott\ElliEz00,DAL,RB,23,5,5,0,0,0,0,0,93,480,5.16,2,29,22,155,7.05,1,,,80,102,108.5,90.5,36,6,6
7,Adam Thielen\ThieAd00,MIN,WR,28,5,5,0,0,0,0,0,0,0,,0,66,47,589,12.53,3,,,77,124,126.9,100.4,35,1,7
8,Cooper Kupp\KuppCo00,LAR,WR,25,5,5,0,0,0,0,0,3,13,4.33,0,41,30,438,14.6,5,,,75,105,108.1,90.1,33,2,8
9,Patrick Mahomes\MahoPa00,KAN,QB,23,5,5,112,176,1513,14,2,22,66,3,2,0,0,0,,0,,,131,131,136.1,133.1,32,1,9
10,Kareem Hunt\HuntKa00,KAN,RB,23,5,5,0,0,0,0,0,93,376,4.04,4,9,5,66,13.2,1,,,74,79,82.2,76.7,31,7,10
11,Travis Kelce\KelcTr00,KAN,TE,29,5,5,0,0,0,0,0,0,0,,0,46,28,407,14.54,3,,,59,87,89.7,72.7,31,1,11
12,Isaiah Crowell\CrowIs00,NYJ,RB,25,5,0,0,0,0,0,0,57,390,6.84,5,8,6,36,6,0,,,73,79,81.6,75.6,29,8,12
13,Tyreek Hill\HillTy00,KAN,WR,24,5,5,0,0,0,0,0,7,37,5.29,0,39,27,425,15.74,3,,,70,97,100.2,83.7,28,3,13
14,Eric Ebron\EbroEr00,IND,TE,25,5,4,0,0,0,0,0,0,0,,0,45,26,255,9.81,5,,,56,82,84.5,68.5,27,2,14
15,A.J. Green\GreeA.00,CIN,WR,30,5,5,0,0,0,0,0,0,0,,0,43,26,409,15.73,5,,,69,95,98.9,81.9,27,4,15
16,DeAndre Hopkins\HopkDe00,HOU,WR,26,5,5,0,0,0,0,0,1,-7,-7,0,57,39,594,15.23,2,,,69,108,111.7,88.2,27,5,16
17,Drew Brees\BreeDr00,NOR,QB,39,5,5,148,190,1658,11,0,10,6,0.6,2,1,1,1,1,0,,1,125,126,129,125.5,25,2,17
18,Calvin Ridley\RidlCa00,ATL,WR,24,5,0,0,0,0,0,0,3,13,4.33,0,26,19,302,15.89,6,,,68,87,89.5,77,25,6,18
19,Antonio Brown\BrowAn04,PIT,WR,30,5,5,0,0,0,0,0,0,0,,0,66,35,373,10.66,5,,,67,102,105.3,84.8,25,7,19
20,James White\WhitJa02,NWE,RB,26,5,1,0,0,0,0,0,23,110,4.78,1,44,32,270,8.44,4,,,68,100,106,84,25,9,20
21,Robert Woods\WoodRo02,LAR,WR,26,5,5,0,0,0,0,0,6,72,12,0,41,29,415,14.31,3,,,67,96,98.7,81.2,25,8,21
22,Davante Adams\AdamDa01,GNB,WR,26,5,5,0,0,0,0,0,0,0,,0,55,37,425,11.49,4,,,67,104,106.5,85,24,9,22
23,Carlos Hyde\HydeCa00,CLE,RB,28,5,4,0,0,0,0,0,100,348,3.48,5,10,6,29,4.83,0,,,68,74,76.7,70.7,24,10,23
24,T.J. Yeldon\YeldT.00,JAX,RB,25,5,2,0,0,0,0,0,59,258,4.37,1,32,22,194,8.82,3,,,67,89,96.2,78.2,24,11,24
25,Michael Thomas\ThomMi05,NOR,WR,25,5,5,0,0,0,0,0,0,0,,0,49,46,519,11.28,3,,,66,112,116.9,88.9,24,10,25
26,Matt Ryan\RyanMa00,ATL,QB,33,5,5,125,183,1601,11,2,13,53,4.08,2,0,0,0,,0,,2,123,123,129.3,125.3,24,3,26
27,Jared Cook\CookJa02,OAK,TE,31,5,5,0,0,0,0,0,0,0,,0,41,30,390,13,2,,,51,81,84,66,23,3,27
28,Zach Ertz\ErtzZa00,PHI,TE,28,5,5,0,0,0,0,0,0,0,,0,58,41,437,10.66,1,,,50,91,93.7,70.2,22,4,28
29,Stefon Diggs\DiggSt00,MIN,WR,25,5,5,0,0,0,0,0,4,34,8.5,0,55,37,402,10.86,3,1,,64,101,103.6,82.1,22,11,29
30,David Johnson\JohnDa08,ARI,RB,27,5,5,0,0,0,0,0,74,242,3.27,4,22,15,120,8,1,,,64,79,86.2,71.7,21,12,30
31,Golden Tate\TateGo00,DET,WR,30,5,2,0,0,0,0,0,1,9,9,0,51,33,431,13.06,3,,,62,95,98,78.5,20,12,31
32,George Kittle\KittGe00,SFO,TE,25,5,5,0,0,0,0,0,0,0,,0,35,23,399,17.35,1,1,,48,71,73.9,59.4,20,5,32
33,Kenny Golladay\GollKe00,DET,WR,25,5,5,0,0,0,0,0,0,0,,0,41,27,428,15.85,3,,,61,88,90.8,74.3,19,13,33
34,DeSean Jackson\JackDe00,TAM,WR,32,4,4,0,0,0,0,0,0,0,,0,22,17,424,24.94,3,,,60,77,80.4,68.9,18,14,34
35,Tyler Lockett\LockTy00,SEA,WR,26,5,5,0,0,0,0,0,2,11,5.5,0,28,20,347,17.35,4,,,60,80,82.8,69.8,18,15,35
36,Mike Evans\EvanMi00,TAM,WR,25,4,4,0,0,0,0,0,0,0,,0,39,29,426,14.69,3,,,59,88,91.6,73.1,17,16,36
37,John Brown\BrowJo02,BAL,WR,28,5,4,0,0,0,0,0,2,4,2,0,44,19,396,20.84,3,,,58,77,80,67.5,16,17,37
38,Julio Jones\JoneJu02,ATL,WR,29,5,5,0,0,0,0,0,1,11,11,0,55,34,564,16.59,0,,,58,92,94.5,74.5,15,18,38
39,Odell Beckham\BeckOd00,NYG,WR,26,5,5,1,1,57,1,0,3,9,3,0,59,39,462,11.85,1,,,57,96,100.4,76.9,15,19,39
40,Jared Goff\GoffJa00,LAR,QB,24,5,5,120,166,1727,12,4,13,37,2.85,0,0,0,0,,0,,1,115,115,121.8,118.8,15,4,40
41,JuJu Smith-Schuster\SmitJu00,PIT,WR,22,5,4,0,0,0,0,0,0,0,,0,53,35,450,12.86,2,,,57,92,95,74.5,15,20,41
42,Marshawn Lynch\LyncMa00,OAK,RB,32,5,5,0,0,0,0,0,77,331,4.3,3,13,12,70,5.83,0,,,58,70,73.1,64.1,15,13,42
43,Matt Breida\BreiMa00,SFO,RB,23,5,4,0,0,0,0,0,49,369,7.53,1,13,11,90,8.18,1,,,58,69,71.9,63.4,15,14,43
44,Emmanuel Sanders\SandEm00,DEN,WR,31,5,5,0,0,0,0,0,2,53,26.5,1,44,33,386,11.7,1,,,56,89,91.9,72.4,14,21,44
45,Austin Ekeler\EkelAu00,LAC,RB,23,5,0,0,0,0,0,0,34,203,5.97,0,17,14,207,14.79,3,,,57,71,78,64,14,15,45
46,Christian McCaffrey\McCaCh01,CAR,RB,22,4,4,0,0,0,0,0,63,329,5.22,0,32,27,192,7.11,1,,,56,83,90.1,69.6,13,16,46
47,Philip Rivers\RivePh00,LAC,QB,37,5,5,122,174,1495,13,2,10,0,0,0,0,0,0,,0,,2,112,112,116.8,113.8,12,5,47
48,Deshaun Watson\WatsDe00,HOU,QB,23,5,5,125,192,1621,8,5,34,201,5.91,1,0,0,0,,0,,,111,111,122.9,115.9,11,6,48
49,Brandin Cooks\CookBr00,LAR,WR,25,5,5,0,0,0,0,0,2,16,8,0,33,26,452,17.38,1,,,53,79,81.8,65.8,11,22,49
50,Adrian Peterson\PeteAd01,WAS,RB,33,4,4,0,0,0,0,0,60,242,4.03,3,9,7,136,19.43,0,,,54,61,67.8,57.3,10,17,50
51,Kirk Cousins\CousKi00,MIN,QB,30,5,5,161,226,1688,11,2,17,62,3.65,0,0,0,0,,0,,2,110,110,118.7,111.7,10,7,51
52,Tyler Boyd\BoydTy00,CIN,WR,24,5,5,0,0,0,0,0,1,5,5,0,43,30,393,13.1,2,,,52,82,84.8,66.8,10,23,52
53,Jordy Nelson\NelsJo00,OAK,WR,33,5,5,0,0,0,0,0,0,0,,0,28,20,317,15.85,3,1,,52,72,74.7,61.7,10,24,53
54,Ben Roethlisberger\RoetBe00,PIT,QB,36,5,5,138,215,1664,11,6,12,39,3.25,1,0,0,0,,0,,2,108,108,119.5,114.5,9,8,54
55,Phillip Lindsay\LindPh00,DEN,RB,24,5,0,0,0,0,0,0,57,328,5.75,1,12,8,65,8.13,1,,,51,59,62.3,55.3,8,18,55
56,Kyle Rudolph\RudoKy00,MIN,TE,29,5,5,0,0,0,0,0,0,0,,0,27,23,229,9.96,2,,,35,58,60.9,46.4,7,6,56
57,Rob Gronkowski\GronRo00,NWE,TE,29,5,5,0,0,0,0,0,0,0,,0,31,23,308,13.39,1,,,35,58,61.8,46.3,7,7,57
58,Aaron Rodgers\RodgAa00,GNB,QB,35,5,5,131,208,1572,10,1,14,77,5.5,0,0,0,0,,0,,1,105,105,111.6,105.6,5,9,58
59,Jarvis Landry\LandJa00,CLE,WR,26,5,4,0,0,0,0,0,0,0,,0,57,29,381,13.14,1,,1,46,75,78.1,60.6,4,25,59
60,Joe Mixon\MixoJo00,CIN,RB,22,3,3,0,0,0,0,0,60,272,4.53,1,12,9,79,8.78,1,,,47,56,59.1,51.6,4,19,60
61,Will Fuller\FullWi01,HOU,WR,24,4,4,0,0,0,0,0,0,0,,0,28,19,278,14.63,3,,,46,65,67.8,55.3,4,26,61
62,Andrew Luck\LuckAn00,IND,QB,29,5,5,163,245,1491,12,5,9,53,5.89,0,0,0,0,,0,,1,103,103,111.9,107.9,3,10,62
63,Jesse James\JameJe00,PIT,TE,24,5,3,0,0,0,0,0,0,0,,0,14,12,248,20.67,1,,,31,43,45.8,36.8,3,8,63
64,Jimmy Graham\GrahJi00,GNB,TE,32,5,5,0,0,0,0,0,0,0,,0,36,22,245,11.14,1,,,31,53,55.5,41.5,2,9,64
65,Sterling Shepard\ShepSt00,NYG,WR,25,5,5,0,0,0,0,0,0,0,,0,36,28,304,10.86,2,1,,44,72,75.4,58.4,2,27,65
66,Royce Freeman\FreeRo00,DEN,RB,22,5,5,0,0,0,0,0,49,250,5.1,3,6,4,21,5.25,0,,,45,49,52.1,47.1,2,20,66
67,Trey Burton\BurtTr01,CHI,TE,27,4,4,0,0,0,0,0,1,2,2,0,19,11,176,16,2,,,30,41,43.8,35.3,2,10,67
68,Javorius Allen\AlleJa01,BAL,RB,27,5,0,0,0,0,0,0,34,96,2.82,3,27,21,131,6.24,1,,,45,66,69.7,55.2,1,21,68
69,Mike Williams\WillMi07,LAC,WR,24,5,2,0,0,0,0,0,1,3,3,0,22,15,249,16.6,3,,,43,58,61.2,50.7,1,28,69
70,Tevin Coleman\ColeTe01,ATL,RB,25,5,3,0,0,0,0,0,61,225,3.69,1,14,12,99,8.25,1,,,44,56,59.4,50.4,1,22,70
71,Nyheim Hines\HineNy00,IND,RB,22,5,2,0,0,0,0,0,33,99,3,1,35,29,164,5.66,2,,,44,73,76.3,58.8,1,23,71
72,Ryan Fitzpatrick\FitzRy00,TAM,QB,36,4,4,87,129,1356,11,5,18,62,3.44,1,0,0,0,,0,,,100,100,108.4,105.4,1,11,72
73,Ryan Hewitt\HewiRy00,IND,,27,4,1,0,0,0,0,0,0,0,,0,1,0,0,,0,,,,,,,,1,73
74,Shane Smith\SmitSh02,NYG,,25,2,0,0,0,0,0,0,0,0,,0,0,0,0,,0,,,,,,,,2,74
75,Marvin Jones\JoneMa02,DET,WR,28,5,5,0,0,0,0,0,0,0,,0,33,16,241,15.06,3,,,42,58,61.1,50.1,,30,75
76,Austin Hooper\HoopAu00,ATL,TE,24,5,1,0,0,0,0,0,0,0,,0,27,21,202,9.62,1,1,,28,49,52.2,38.7,,12,76
77,Blake Bortles\BortBl00,JAX,QB,26,5,5,130,211,1525,8,7,22,166,7.55,1,0,0,0,,0,,,100,100,113.6,106.6,,12,77
78,Alex Collins\CollAl00,BAL,RB,24,5,5,0,0,0,0,0,57,217,3.81,2,14,9,77,8.56,1,,,43,52,57.4,47.9,,24,78
79,Andy Dalton\DaltAn00,CIN,QB,31,5,5,123,187,1445,12,7,8,31,3.88,0,0,0,0,,0,,,95,95,104.9,101.9,,13,
80,Tom Brady\BradTo00,NWE,QB,41,5,5,121,179,1259,12,6,8,13,1.63,1,0,0,0,,0,,,92,92,101.7,97.7,,15,
81,Cam Newton\NewtCa00,CAR,QB,29,4,4,85,130,883,7,3,36,165,4.58,3,0,0,0,,0,,,92,92,100.8,94.8,,14,
82,Joe Flacco\FlacJo00,BAL,QB,33,5,5,139,227,1550,8,3,13,23,1.77,0,0,0,0,,0,,,88,88,95.3,91.3,,16,
83,Matthew Stafford\StafMa00,DET,QB,30,5,5,126,191,1385,10,5,6,28,4.67,0,0,0,0,,0,,,86,86,95.2,91.2,,17,
84,Derek Carr\CarrDe02,OAK,QB,27,5,5,144,202,1641,7,8,7,5,0.71,0,0,0,0,,0,,1,80,80,91.1,88.1,,18,
85,Russell Wilson\WilsRu00,SEA,QB,30,5,5,89,142,1086,10,3,11,42,3.82,0,0,0,0,,0,,,80,80,86.6,82.6,,19,
86,Mitch Trubisky\TrubMi00,CHI,QB,24,4,4,91,130,945,8,3,17,117,6.88,1,0,0,0,,0,,,78,78,88.5,80.5,,20,
87,Eli Manning\MannEl00,NYG,QB,37,5,5,134,187,1381,6,3,8,12,1.5,0,0,0,0,,0,,2,74,74,82.4,77.4,,21,
88,Case Keenum\KeenCa00,DEN,QB,30,5,5,122,192,1365,5,7,3,16,5.33,1,0,0,0,,0,,,68,68,78.2,75.2,,22,
89,Ryan Tannehill\TannRy00,MIA,QB,30,5,5,85,129,972,8,5,19,91,4.79,0,0,0,0,,0,,,64,64,75,69,,23,
90,Dak Prescott\PresDa01,DAL,QB,25,5,5,89,144,961,5,4,23,121,5.26,0,0,0,0,,0,1,,63,63,73.5,66.5,,25,
91,Alex Smith\SmitAl03,WAS,QB,34,4,4,89,135,1042,4,2,21,55,2.62,1,0,0,0,,0,,,63,63,69.2,65.2,,24,
92,Sam Darnold\DarnSa00,NYJ,QB,21,5,5,83,149,1066,7,6,13,13,1,0,0,0,0,,0,,,60,60,68.9,65.9,,26,
93,Josh Allen\AlleJo02,BUF,QB,22,5,4,65,122,748,2,5,31,135,4.35,3,0,0,0,,0,,,57,57,69.4,62.4,,27,
94,Carson Wentz\WentCa00,PHI,QB,26,3,3,82,122,914,5,1,10,44,4.4,0,0,0,0,,0,,,53,53,60,54,,28,
95,Jimmy Garoppolo\GaroJi00,SFO,QB,27,3,3,53,89,718,5,3,8,33,4.13,0,0,0,0,,0,,1,48,48,54,51,,29,
96,Marcus Mariota\MariMa01,TEN,QB,25,4,3,65,103,676,2,4,22,122,5.55,1,0,0,0,,0,,,45,45,55.2,49.2,,30,
97,Sony Michel\MichSo00,NWE,RB,23,4,2,0,0,0,0,0,67,294,4.39,2,6,3,18,6,0,,,43,46,49.2,44.7,,25,
98,Keenan Allen\AlleKe00,LAC,WR,26,5,5,0,0,0,0,0,1,5,5,0,45,32,372,11.63,1,,,42,74,77.7,57.7,,32,
99,Corey Davis\DaviCo03,TEN,WR,23,5,5,0,0,0,0,0,0,0,,0,45,26,361,13.88,1,,,42,68,71.1,55.1,,29,
100,Kenny Stills\StilKe00,MIA,WR,26,5,5,0,0,0,0,0,0,0,,0,24,14,241,17.21,3,,,42,56,59.1,49.1,,31,
101,Geronimo Allison\AlliGe01,GNB,WR,24,4,4,0,0,0,0,0,0,0,,0,29,19,289,15.21,2,,,41,60,62.9,50.4,,34,
102,Giovani Bernard\BernGi00,CIN,RB,27,4,2,0,0,0,0,0,34,155,4.56,3,21,14,78,5.57,0,,,41,55,58.3,48.3,,27,
103,T.Y. Hilton\HiltT.00,IND,WR,29,4,4,0,0,0,0,0,0,0,,0,38,21,294,14,2,,,41,62,65.4,51.9,,33,
104,Kerryon Johnson\JohnKe06,DET,RB,21,5,2,0,0,0,0,0,50,286,5.72,1,15,13,68,5.23,0,,,41,54,57.4,47.9,,26,
105,Baker Mayfield\MayfBa00,CLE,QB,23,3,2,63,107,838,3,3,8,31,3.88,0,0,0,0,,0,1,,41,41,48.6,43.6,,32,
106,Bilal Powell\PoweBi00,NYJ,RB,30,5,5,0,0,0,0,0,59,264,4.47,0,16,10,105,10.5,1,,,41,51,57.9,45.9,,28,
107,Tyrod Taylor\TaylTy00,CLE,QB,29,3,3,41,84,462,2,2,16,125,7.81,1,0,0,0,,0,,,41,41,49,43,,31,
108,Kenyan Drake\DrakKe00,MIA,RB,24,5,5,0,0,0,0,0,39,153,3.92,1,25,17,124,7.29,1,,,40,57,62.7,48.2,,29,
109,Jakeem Grant\GranJa00,MIA,WR,26,5,1,0,0,0,0,0,1,5,5,0,17,11,152,13.82,2,,,40,51,53.7,45.2,,36,
110,Albert Wilson\WilsAl02,MIA,WR,26,5,1,1,1,52,1,0,5,17,3.4,0,23,17,204,12,2,,,40,57,60.2,48.7,,35,
111,Chris Carson\CarsCh00,SEA,RB,24,4,4,0,0,0,0,0,64,293,4.58,1,9,6,61,10.17,0,,,39,45,49.4,42.4,,30,
112,Mike Davis\DaviMi01,SEA,RB,25,4,1,0,0,0,0,0,36,172,4.78,3,8,8,36,4.5,0,,,39,47,49.8,42.8,,31,
113,Mohamed Sanu\SanuMo00,ATL,WR,29,5,5,0,0,0,0,0,1,-4,-4,0,31,20,257,12.85,2,1,,39,59,62.3,49.3,,38,
114,Demaryius Thomas\ThomDe03,DEN,WR,31,5,5,0,0,0,0,0,0,0,,0,39,25,273,10.92,2,,,39,64,67.3,51.8,,39,
115,Dede Westbrook\WestDe00,JAX,WR,25,5,1,0,0,0,0,0,2,5,2.5,0,33,24,349,14.54,1,,,39,63,67.4,51.4,,37,
116,Jay Ajayi\AjayJa00,PHI,RB,25,4,3,0,0,0,0,0,45,184,4.09,3,6,5,20,4,0,1,,38,43,47.4,40.9,,32,
117,C.J. Beathard\BeatC.00,SFO,QB,25,3,2,57,91,647,4,4,9,26,2.89,1,0,0,0,,0,,,38,38,47.5,42.5,,33,
118,Tarik Cohen\CoheTa00,CHI,RB,23,4,3,0,0,0,0,0,27,139,5.15,0,16,14,169,12.07,1,,,37,51,56.8,43.8,,33,
119,Wendell Smallwood\SmalWe00,PHI,RB,24,5,1,0,0,0,0,0,25,150,6,1,15,10,96,9.6,1,1,,37,47,50.6,41.6,,34,
120,Sammy Watkins\WatkSa00,KAN,WR,25,5,5,0,0,0,0,0,3,51,17,0,29,20,254,12.7,1,,,37,57,59.5,46.5,,40,
121,Robby Anderson\AndeRo04,NYJ,WR,25,5,2,0,0,0,0,0,1,-9,-9,0,21,11,231,21,3,,,36,47,52.2,41.7,,41,
122,Keelan Cole\ColeKe00,JAX,WR,25,5,5,0,0,0,0,0,0,0,,0,34,21,295,14.05,1,,,36,57,59.5,46,,42,
123,Chris Thompson\ThomCh03,WAS,RB,28,4,0,0,0,0,0,0,23,100,4.35,0,31,26,200,7.69,1,,,36,62,68,49,,35,
124,Amari Cooper\CoopAm00,OAK,WR,24,5,5,0,0,0,0,0,1,9,9,0,31,22,280,12.73,1,,,35,57,59.9,45.9,,45,
125,Chris Godwin\GodwCh00,TAM,WR,22,4,0,0,0,0,0,0,0,0,,0,22,15,193,12.87,3,,,35,50,54.3,42.8,,43,
126,Dion Lewis\LewiDi00,TEN,RB,28,5,0,0,0,0,0,0,55,177,3.22,1,25,21,130,6.19,0,,,35,56,62.7,45.2,,36,
127,Donte Moncrief\MoncDo00,JAX,WR,25,5,5,0,0,0,0,0,0,0,,0,37,18,249,13.83,2,,,35,53,56.9,43.9,,44,
128,Quincy Enunwa\EnunQu00,NYJ,WR,26,5,5,0,0,0,0,0,0,0,,0,42,21,278,13.24,1,,,34,55,57.8,44.3,,47,
129,Taylor Gabriel\GabrTa00,CHI,WR,27,4,2,0,0,0,0,0,4,27,6.75,0,29,22,193,8.77,2,,,34,56,59,45,,46,
130,Jordan Howard\HowaJo00,CHI,RB,24,4,4,0,0,0,0,0,64,203,3.17,1,12,10,78,7.8,0,,,34,44,47.1,39.1,,37,
131,Alfred Morris\MorrAl00,SFO,RB,30,5,1,0,0,0,0,0,62,228,3.68,1,10,6,66,11,0,,,33,39,43.4,36.4,,38,
132,Lamar Miller\MillLa01,HOU,RB,27,4,4,0,0,0,0,0,58,225,3.88,0,10,8,54,6.75,1,,,32,40,43.9,35.9,,39,
133,Michael Crabtree\CrabMi00,BAL,WR,31,5,5,0,0,0,0,0,0,0,,0,46,24,250,10.42,1,,,31,55,58,43,,50,
134,Phillip Dorsett\DorsPh00,NWE,WR,25,5,2,0,0,0,0,0,0,0,,0,24,19,190,10,2,,,31,50,53,40.5,,49,
135,Ryan Grant\GranRy01,IND,WR,28,5,4,0,0,0,0,0,0,0,,0,31,24,246,10.25,1,,,31,55,57.6,42.6,,52,
136,Christian Kirk\KirkCh01,ARI,WR,22,5,2,0,0,0,0,0,2,12,6,0,26,19,234,12.32,1,,,31,50,52.6,40.1,,51,
137,Willie Snead\SneaWi00,BAL,WR,26,5,2,0,0,0,0,0,0,0,,0,33,23,253,11,1,,,31,54,57.3,42.8,,48,
138,Nelson Agholor\AghoNe00,PHI,WR,25,5,5,1,1,15,0,0,2,18,9,0,43,29,212,7.31,1,,,30,59,61.6,44.1,,55,
139,Alfred Blue\BlueAl00,HOU,RB,27,5,1,0,0,0,0,0,49,162,3.31,1,12,9,77,8.56,0,,,30,39,41.9,34.4,,40,
140,Devin Funchess\FuncDe00,CAR,WR,24,4,4,0,0,0,0,0,0,0,,0,28,18,238,13.22,1,,,30,48,50.8,38.8,,54,
141,Frank Gore\GoreFr00,MIA,RB,35,5,5,0,0,0,0,0,47,202,4.3,0,4,3,35,11.67,1,,,30,33,35.7,31.2,,41,
142,Rashard Higgins\HiggRa00,CLE,WR,24,5,1,0,0,0,0,0,0,0,,0,23,16,244,15.25,1,,,30,46,49.4,38.4,,53,
143,Tavon Austin\AustTa00,DAL,WR,28,5,0,0,0,0,0,0,4,41,10.25,0,8,6,125,20.83,2,,,29,35,37.6,31.6,,56,
144,Will Dissly\DissWi00,SEA,TE,22,4,4,0,0,0,0,0,0,0,,0,14,8,156,19.5,2,,,28,36,38.6,31.6,,13,
145,Ted Ginn\GinnTe00,NOR,WR,33,4,3,0,0,0,0,0,3,26,8.67,0,22,12,135,11.25,2,1,,28,40,44.1,34.1,,57,
146,O.J. Howard\HowaO.00,TAM,TE,24,4,4,0,0,0,0,0,0,0,,0,17,11,222,20.18,1,,,28,39,42.2,33.7,,11,
147,Chris Ivory\IvorCh00,BUF,RB,30,5,1,0,0,0,0,0,45,124,2.76,1,6,4,100,25,0,,,28,32,38.4,30.4,,42,
148,Allen Robinson\RobiAl02,CHI,WR,25,4,3,0,0,0,0,0,0,0,,0,32,19,217,11.42,1,,,28,47,49.7,37.2,,58,
149,Nick Chubb\ChubNi00,CLE,RB,23,5,0,0,0,0,0,0,13,148,11.38,2,1,0,0,,0,,,27,27,29.8,26.8,,44,
150,Kyle Juszczyk\JuszKy00,SFO,RB,27,5,5,0,0,0,0,0,1,12,12,0,20,14,197,14.07,1,,,27,41,43.9,33.9,,43,
151,Ito Smith\SmitIt00,ATL,RB,23,5,0,0,0,0,0,0,21,80,3.81,2,9,8,67,8.38,0,,,27,35,34.7,30.7,,45,
152,Tyrell Williams\WillTy00,LAC,WR,26,5,5,0,0,0,0,0,1,14,14,0,19,13,192,14.77,1,,,27,40,42.6,33.1,,59,
153,Chris Hogan\HogaCh00,NWE,WR,30,5,2,0,0,0,0,0,0,0,,0,19,11,143,13,2,,,26,37,40.3,31.8,,60,
154,Jamaal Williams\WillJa06,GNB,RB,23,5,5,0,0,0,0,0,53,195,3.68,0,13,7,47,6.71,0,1,,26,33,36.2,29.7,,46,
155,LeGarrette Blount\BlouLe00,DET,RB,32,5,3,0,0,0,0,0,47,117,2.49,2,3,3,14,4.67,0,,,25,28,31.1,26.6,,47,
156,Corey Clement\ClemCo00,PHI,RB,24,3,0,0,0,0,0,0,27,112,4.15,1,10,8,74,9.25,0,,,25,33,35.6,28.6,,49,
157,Aaron Jones\JoneAa00,GNB,RB,24,3,0,0,0,0,0,0,24,147,6.13,1,5,4,41,10.25,0,,,25,29,31.8,26.8,,48,
158,Vance McDonald\McDoVa00,PIT,TE,28,4,3,0,0,0,0,0,0,0,,0,17,13,206,15.85,1,,,25,38,41.6,31.1,,14,
159,Ty Montgomery\MontTy01,GNB,RB,25,5,0,0,0,0,0,0,20,87,4.35,0,18,12,158,13.17,0,,,25,37,39.5,30.5,,50,
160,Cordarrelle Patterson\PattCo00,NWE,WR,27,5,1,0,0,0,0,0,5,29,5.8,0,14,10,101,10.1,2,,,25,35,38,30,,61,
161,Tre'Quan Smith\SmitTr03,NOR,WR,22,5,2,0,0,0,0,0,0,0,,0,7,4,129,32.25,2,,,25,29,31.9,26.9,,62,
162,Antonio Callaway\CallAn00,CLE,WR,21,5,3,0,0,0,0,0,2,7,3.5,0,29,13,177,13.62,1,,,24,37,40.4,30.9,,63,
163,Tyler Eifert\EifeTy00,CIN,TE,28,4,2,0,0,0,0,0,0,0,,0,19,15,179,11.93,1,,,24,39,41.9,31.4,,15,
164,Terrelle Pryor\PryoTe00,NYJ,WR,29,5,0,0,0,0,0,0,0,0,,0,16,9,178,19.78,1,,,24,33,35.8,28.3,,65,
165,Paul Richardson\RichPa01,WAS,WR,26,4,2,0,0,0,0,0,0,0,,0,19,13,181,13.92,1,,,24,37,40.1,30.6,,64,
166,Josh Rosen\RoseJo01,ARI,QB,21,3,2,29,59,386,2,1,6,22,3.67,0,0,0,0,,0,,,24,24,27.6,24.6,,34,
167,Randall Cobb\CobbRa00,GNB,WR,28,3,3,0,0,0,0,0,0,0,,0,27,17,194,11.41,1,,,23,40,44.4,31.9,,66,
168,Jamison Crowder\CrowJa00,WAS,WR,25,4,3,0,0,0,0,0,3,35,11.67,0,20,13,134,10.31,1,,,23,36,38.9,29.4,,67,
169,Derrick Henry\HenrDe00,TEN,RB,24,5,5,1,1,8,0,0,65,219,3.37,0,5,3,12,4,0,,,23,26,29.4,24.9,,51,
170,LeSean McCoy\McCoLe01,BUF,RB,30,4,4,0,0,0,0,0,45,170,3.78,0,16,10,64,6.4,0,,,23,33,36.4,28.4,,53,
171,Jordan Reed\ReedJo02,WAS,TE,28,4,2,0,0,0,0,0,0,0,,0,22,15,189,12.6,1,,,23,38,41.9,30.4,,16,
172,Jalen Richard\RichJa01,OAK,RB,25,5,0,0,0,0,0,0,9,29,3.22,0,29,24,205,8.54,0,,,23,47,50.4,35.4,,52,
173,Kendrick Bourne\BourKe00,SFO,WR,23,5,0,0,0,0,0,0,0,0,,0,15,9,98,10.89,2,,,22,31,30.8,26.3,,72,
174,Keke Coutee\CoutKe00,HOU,WR,21,2,1,0,0,0,0,0,3,0,0,0,22,17,160,9.41,1,,,22,39,42,30.5,,70,
175,Josh Gordon\GordJo02,2TM,WR,27,3,3,0,0,0,0,0,0,0,,0,9,5,99,19.8,2,,,22,27,26.9,24.4,,71,
176,Chester Rogers\RogeCh02,IND,WR,24,5,2,0,0,0,0,0,0,0,,0,32,24,200,8.33,0,1,,22,46,49,34,,68,
177,Courtland Sutton\SuttCo00,DEN,WR,23,5,1,0,0,0,0,0,0,0,,0,26,10,160,16,1,,,22,32,35,27,,69,
178,Geoff Swaim\SwaiGe00,DAL,TE,25,5,5,0,0,0,0,0,0,0,,0,19,14,159,11.36,1,,,22,36,38.9,28.9,,17,
179,Duke Johnson\JohnDu00,CLE,RB,25,5,1,0,0,0,0,0,17,75,4.41,0,17,10,91,9.1,0,2,,21,31,30.6,25.6,,54,
180,Taywan Taylor\TaylTa00,TEN,WR,23,5,1,0,0,0,0,0,0,0,,0,24,17,169,9.94,1,,,21,38,41.9,29.4,,73,
181,Mark Andrews\AndrMa00,BAL,TE,22,5,1,0,0,0,0,0,0,0,,0,16,11,135,12.27,1,,,20,31,33.5,25,,18,
182,Nick Foles\FoleNi00,PHI,QB,29,2,2,54,82,451,1,1,4,7,1.75,0,1,1,10,10,0,,,20,21,25.7,21.2,,35,
183,Alshon Jeffery\JeffAl00,PHI,WR,28,2,2,0,0,0,0,0,0,0,,0,17,10,144,14.4,1,,,20,30,33.4,25.4,,74,
184,David Moore\MoorDa03,SEA,WR,23,5,1,0,0,0,0,0,0,0,,0,7,5,77,15.4,2,,,20,25,24.7,22.2,,76,
185,John Ross\RossJo00,CIN,WR,24,4,2,0,0,0,0,0,1,-3,-3,0,15,7,79,11.29,2,,,20,27,26.6,23.1,,77,
186,Laquon Treadwell\TreaLa00,MIN,WR,23,5,1,0,0,0,0,0,0,0,,0,25,15,142,9.47,1,,,20,35,38.2,27.7,,75,
187,Cole Beasley\BeasCo00,DAL,WR,29,5,1,0,0,0,0,0,0,0,,0,24,17,193,11.35,0,,,19,36,39.3,27.8,,78,
188,Martavis Bryant\BryaMa00,OAK,WR,27,4,1,0,0,0,0,0,1,4,4,0,18,12,202,16.83,0,,,19,31,34.6,24.6,,81,
189,Dalvin Cook\CookDa01,MIN,RB,23,3,3,0,0,0,0,0,36,98,2.72,0,12,9,107,11.89,0,,,19,28,31.5,23,,58,
190,Rhett Ellison\ElliRh00,NYG,TE,30,5,5,0,0,0,0,0,0,0,,0,14,11,106,9.64,1,1,,19,30,32.6,24.1,,22,
191,Pierre Garcon\GarcPi00,SFO,WR,32,5,5,0,0,0,0,0,0,0,,0,33,16,188,11.75,0,,,19,35,37.8,26.8,,80,
192,Antonio Gates\GateAn00,LAC,TE,38,5,0,0,0,0,0,0,0,0,,0,16,9,107,11.89,1,1,,19,28,30.7,23.2,,20,
193,Mark Ingram\IngrMa01,NOR,RB,29,1,1,0,0,0,0,0,16,53,3.31,2,3,2,20,10,0,,,19,21,21.3,20.3,,55,
194,Brandon Marshall\MarsBr00,SEA,WR,34,5,2,0,0,0,0,0,0,0,,0,22,10,125,12.5,1,,,19,29,31.5,23.5,,82,
195,D.J. Moore\MoorD.00,CAR,WR,21,4,0,0,0,0,0,0,3,28,9.33,0,8,6,103,17.17,1,,,19,25,28.1,22.1,,79,
196,Latavius Murray\MurrLa00,MIN,RB,28,5,2,0,0,0,0,0,30,106,3.53,0,11,9,60,6.67,0,1,,19,28,30.6,23.1,,57,
197,David Njoku\NjokDa00,CLE,TE,22,5,4,0,0,0,0,0,0,0,,0,34,20,190,9.5,0,,,19,39,42,29,,19,
198,Trent Taylor\TaylTr02,SFO,WR,24,5,0,0,0,0,0,0,0,0,,0,23,16,125,7.81,1,,,19,35,37.5,26.5,,83,
199,Ben Watson\WatsBe00,NOR,TE,38,5,4,0,0,0,0,0,0,0,,0,22,17,187,11,0,,,19,36,38.7,27.2,,21,
200,Jordan Wilkins\WilkJo01,IND,RB,24,5,3,0,0,0,0,0,44,175,3.98,0,10,9,34,3.78,0,,,19,28,31.9,23.4,,56,
201,Cameron Brate\BratCa00,TAM,TE,27,4,0,0,0,0,0,0,0,0,,0,10,6,63,10.5,2,,,18,24,24.3,21.3,,24,
202,Chris Conley\ConlCh00,KAN,WR,26,5,5,0,0,0,0,0,0,0,,0,18,11,79,7.18,2,,,18,29,29.9,23.4,,84,
203,Larry Fitzgerald\FitzLa00,ARI,WR,35,5,5,0,0,0,0,0,0,0,,0,25,17,176,10.35,0,,,18,35,37.6,26.1,,86,
204,Josh Hill\HillJo02,NOR,TE,28,5,2,0,0,0,0,0,0,0,,0,8,8,124,15.5,1,,,18,26,29.4,22.4,,23,
205,Ricky Seals-Jones\SealRi00,ARI,TE,23,5,3,0,0,0,0,0,0,0,,0,25,10,123,12.3,1,,,18,28,31.3,23.3,,25,
206,C.J. Uzomah\UzomC.00,CIN,TE,25,5,4,0,0,0,0,0,0,0,,0,10,9,117,13,1,,,18,27,29.7,22.2,,26,
207,Jarius Wright\WrigJa02,CAR,WR,29,4,2,0,0,0,0,0,0,0,,0,19,12,117,9.75,1,,,18,30,32.7,23.7,,85,
208,C.J. Anderson\AndeC.00,CAR,RB,27,4,1,0,0,0,0,0,16,84,5.25,0,3,1,24,24,1,,,17,18,17.8,17.3,,59,
209,Dallas Goedert\GoedDa00,PHI,TE,23,5,2,0,0,0,0,0,0,0,,0,14,12,106,8.83,1,,,17,29,31.6,22.6,,27,
210,Theo Riddick\RiddTh00,DET,RB,27,5,0,0,0,0,0,0,8,30,3.75,0,30,23,138,6,0,,,17,40,42.8,28.3,,60,
211,Seth Roberts\RobeSe00,OAK,WR,27,4,0,0,0,0,0,0,0,0,,0,16,10,107,10.7,1,,,17,27,29.7,21.7,,88,
212,Marquez Valdes-Scantling\ValdMa00,GNB,WR,24,5,2,0,0,0,0,0,0,0,,0,15,9,109,12.11,1,,,17,26,28.9,21.4,,87,
213,Peyton Barber\BarbPe01,TAM,RB,24,4,4,0,0,0,0,0,50,148,2.96,0,6,2,13,6.5,0,,,16,18,21.1,17.1,,61,
214,Kelvin Benjamin\BenjKe00,BUF,WR,27,5,5,0,0,0,0,0,0,0,,0,26,8,103,12.88,1,,,16,24,27.3,20.3,,91,
215,Evan Engram\EngrEv00,NYG,TE,24,3,3,0,0,0,0,0,0,0,,0,13,10,104,10.4,1,,,16,26,29.4,21.4,,28,
216,Virgil Green\GreeVi00,LAC,TE,30,5,5,0,0,0,0,0,0,0,,0,9,9,104,11.56,1,,,16,25,28.4,20.9,,29,
217,Zay Jones\JoneZa00,BUF,WR,23,5,5,0,0,0,0,0,0,0,,0,21,13,164,12.62,0,,,16,29,32.4,22.9,,89,
218,Dante Pettis\PettDa00,SFO,WR,23,4,1,0,0,0,0,0,0,0,,0,7,3,96,32,1,,,16,19,18.6,17.1,,93,
219,Aldrick Robinson\RobiAl00,MIN,WR,30,3,0,0,0,0,0,0,0,0,,0,4,3,42,14,2,,,16,19,19.2,17.7,,92,
220,Tajae Sharpe\SharTa00,TEN,WR,24,5,4,0,0,0,0,0,1,16,16,0,13,7,88,12.57,1,,,16,23,23.4,19.9,,90,
221,Danny Amendola\AmenDa00,MIA,WR,33,5,5,0,0,0,0,0,0,0,,0,20,16,151,9.44,0,,,15,31,34.1,23.1,,96,
222,Devontae Booker\BookDe00,DEN,RB,26,5,0,0,0,0,0,0,11,36,3.27,0,17,13,113,8.69,0,,,15,28,30.9,21.4,,62,
223,Bruce Ellington\ElliBr00,HOU,WR,27,3,1,0,0,0,0,0,0,0,,0,12,8,92,11.5,1,,,15,23,23.2,19.2,,95,
224,Taysom Hill\HillTa00,NOR,QB,28,5,0,1,2,10,0,0,12,90,7.5,1,1,1,-4,-4,0,,,15,16,16,15.5,,36,
225,Cameron Meredith\MereCa00,NOR,WR,26,3,1,0,0,0,0,0,0,0,,0,10,9,114,12.67,1,,,15,24,28.4,19.9,,94,
226,Zach Pascal\PascZa00,IND,WR,24,5,1,0,0,0,0,0,0,0,,0,20,9,89,9.89,1,,,15,24,23.9,19.4,,97,
227,Austin Seferian-Jenkins\SefeAu00,JAX,TE,26,5,5,0,0,0,0,0,0,0,,0,20,11,90,8.18,1,,,15,26,26,20.5,,30,
228,Darren Fells\FellDa01,CLE,TE,32,5,4,0,0,0,0,0,0,0,,0,6,5,84,16.8,1,,,14,19,19.4,16.9,,31,
229,Ryan Griffin\GrifRy00,HOU,TE,28,5,5,0,0,0,0,0,0,0,,0,20,10,140,14,0,,,14,24,27,19,,32,
230,Demetrius Harris\HarrDe03,KAN,TE,27,4,0,0,0,0,0,0,0,0,,0,8,4,77,19.25,1,,,14,18,17.7,15.7,,33,
231,Allen Hurns\HurnAl01,DAL,WR,27,5,3,0,0,0,0,0,0,0,,0,17,8,84,10.5,1,,,14,22,22.4,18.4,,98,
232,Jordan Matthews\MattJo00,PHI,WR,26,3,1,0,0,0,0,0,0,0,,0,6,4,81,20.25,1,,,14,18,18.1,16.1,,99,
233,Sam Bradford\BradSa00,ARI,QB,31,3,3,50,80,400,2,4,2,7,3.5,0,0,0,0,,0,,,13,13,21.7,16.7,,37,
234,Jaron Brown\BrowJa03,SEA,WR,28,5,1,0,0,0,0,0,0,0,,0,9,6,68,11.33,1,,,13,19,18.8,15.8,,101,
235,Malcolm Brown\BrowMa03,LAR,RB,25,5,0,0,0,0,0,0,18,93,5.17,0,4,2,18,9,0,1,,13,15,15.1,14.1,,63,
236,Jason Croom\CrooJa00,BUF,TE,24,5,0,0,0,0,0,0,0,0,,0,11,8,73,9.13,1,,,13,21,21.3,17.3,,35,
237,Rashaad Penny\PennRa00,SEA,RB,22,5,0,0,0,0,0,0,29,92,3.17,0,7,4,35,8.75,0,,,13,17,16.7,14.7,,64,
238,Anthony Sherman\SherAn00,KAN,RB,30,5,0,0,0,0,0,0,0,0,,0,3,3,67,22.33,1,,,13,16,15.7,14.2,,65,
239,Torrey Smith\SmitTo02,CAR,WR,29,4,3,0,0,0,0,0,0,0,,0,16,7,67,9.57,1,,,13,20,19.7,16.2,,102,
240,Ryan Switzer\SwitRy00,PIT,WR,24,5,1,0,0,0,0,0,4,14,3.5,0,14,12,60,5,1,,,13,25,25.4,19.4,,100,
241,Maxx Williams\WillMa04,BAL,TE,24,5,4,0,0,0,0,0,1,7,7,0,14,14,127,9.07,0,,,13,27,30.4,20.4,,34,
242,Rex Burkhead\BurkRe00,NWE,RB,28,3,2,0,0,0,0,0,24,86,3.58,0,6,3,31,10.33,0,,,12,15,14.7,13.2,,66,
243,Blaine Gabbert\GabbBl00,TEN,QB,29,3,2,25,45,242,1,1,2,2,1,0,0,0,0,,0,,,12,12,12.9,12.9,,38,
244,Marquise Goodwin\GoodMa00,SFO,WR,28,3,3,0,0,0,0,0,2,2,1,0,9,5,54,10.8,1,,,12,17,16.6,14.1,,104,
245,Tyler Higbee\HigbTy00,LAR,TE,25,5,5,0,0,0,0,0,0,0,,0,9,5,64,12.8,1,,,12,17,17.4,14.9,,36,
246,Anthony Miller\MillAn02,CHI,WR,24,3,1,0,0,0,0,0,0,0,,0,11,8,60,7.5,1,,,12,20,20,16,,103,
247,Erik Swoope\SwooEr00,IND,TE,26,3,0,0,0,0,0,0,0,0,,0,5,5,64,12.8,1,,,12,17,17.4,14.9,,37,
248,Nick Boyle\BoylNi00,BAL,TE,25,5,4,0,0,0,0,0,0,0,,0,18,10,114,11.4,0,,,11,21,24.4,16.4,,38,
249,Corey Grant\GranCo00,JAX,RB,27,5,1,0,0,0,0,0,13,40,3.08,0,12,9,67,7.44,0,,,11,20,19.7,15.2,,67,
250,Jeff Heuerman\HeueJe00,DEN,TE,26,5,4,0,0,0,0,0,0,0,,0,19,11,107,9.73,0,,,11,22,24.7,16.2,,40,
251,Adam Humphries\HumpAd00,TAM,WR,25,4,2,0,0,0,0,0,1,4,4,0,19,13,101,7.77,0,,,11,24,26.5,17,,107,
252,Nick Vannett\VannNi00,SEA,TE,25,5,3,0,0,0,0,0,0,0,,0,18,12,110,9.17,0,,,11,23,26,17,,39,
253,James Washington\WashJa00,PIT,WR,22,5,3,0,0,0,0,0,0,0,,0,13,5,49,9.8,1,,,11,16,15.9,13.4,,106,
254,Chad Williams\WillCh05,ARI,WR,24,5,3,0,0,0,0,0,0,0,,0,19,4,53,13.25,1,,,11,15,15.3,13.3,,105,
255,Charles Clay\ClayCh00,BUF,TE,29,5,4,0,0,0,0,0,0,0,,0,15,9,99,11,0,,,10,19,18.9,14.4,,42,
256,Vernon Davis\DaviVe00,WAS,TE,34,4,3,0,0,0,0,0,0,0,,0,7,6,101,16.83,0,,,10,16,19.1,13.1,,41,
257,A.J. Derby\DerbA.00,MIA,TE,27,3,0,0,0,0,0,0,0,0,,0,3,2,35,17.5,1,,,10,12,11.5,10.5,,45,
258,Kenneth Dixon\DixoKe00,BAL,RB,24,1,0,0,0,0,0,0,13,44,3.38,1,0,0,0,,0,,,10,10,10.4,10.4,,68,
259,Doug Martin\MartDo00,OAK,RB,29,5,0,0,0,0,0,0,27,99,3.67,0,4,3,-3,-1,0,,,10,13,12.6,11.1,,69,
260,Logan Paulsen\PaulLo00,ATL,TE,31,5,4,0,0,0,0,0,0,0,,0,3,3,38,12.67,1,,,10,13,12.8,11.3,,43,
261,Niles Paul\PaulNi00,JAX,TE,29,5,0,0,0,0,0,0,0,0,,0,13,10,98,9.8,0,,,10,20,19.8,14.8,,44,
262,Curtis Samuel\SamuCu00,CAR,WR,22,1,0,0,0,0,0,0,0,0,,0,4,2,37,18.5,1,,,10,12,11.7,10.7,,109,
263,Deonte Thompson\ThomDe04,DAL,WR,29,5,4,0,0,0,0,0,0,0,,0,16,11,102,9.27,0,,,10,21,24.2,15.7,,108,
264,De'Anthony Thomas\ThomDe05,KAN,WR,25,5,0,0,0,0,0,0,1,6,6,0,5,3,29,9.67,1,,,10,13,12.5,11,,110,
265,Josh Bellamy\BellJo02,CHI,WR,29,4,0,0,0,0,0,0,0,0,,0,3,3,28,9.33,1,,,9,12,11.8,10.3,,113,
266,Jake Butt\ButtJa00,DEN,TE,23,3,3,0,0,0,0,0,0,0,,0,13,8,85,10.63,0,,,9,17,16.5,12.5,,49,
267,Garrett Celek\CeleGa00,SFO,TE,30,5,0,0,0,0,0,0,0,0,,0,4,3,29,9.67,1,,,9,12,11.9,10.4,,48,
268,Leonard Fournette\FourLe00,JAX,RB,23,2,2,0,0,0,0,0,20,71,3.55,0,4,4,19,4.75,0,,,9,13,13,11,,72,
269,Devonta Freeman\FreeDe00,ATL,RB,26,2,2,0,0,0,0,0,14,68,4.86,0,7,5,23,4.6,0,,,9,14,14.1,11.6,,71,
270,Lance Kendricks\KendLa00,GNB,TE,30,5,0,0,0,0,0,0,0,0,,0,7,5,30,6,1,,,9,14,14,11.5,,47,
271,Demarcus Robinson\RobiDe01,KAN,WR,24,5,0,0,0,0,0,0,0,0,,0,6,3,34,11.33,1,,,9,12,12.4,10.9,,111,
272,Equanimeous St. Brown\St.BEq00,GNB,WR,22,2,1,0,0,0,0,0,0,0,,0,5,3,89,29.67,0,,,9,12,11.9,10.4,,112,
273,Jordan Thomas\ThomJo05,HOU,TE,22,5,3,0,0,0,0,0,0,0,,0,8,4,91,22.75,0,,,9,13,13.1,11.1,,46,
274,Spencer Ware\WareSp00,KAN,RB,27,5,0,0,0,0,0,0,8,42,5.25,0,7,4,50,12.5,0,,,9,13,13.2,11.2,,70,
275,Jordan Akins\AkinJo00,HOU,TE,26,5,0,0,0,0,0,0,0,0,,0,10,8,83,10.38,0,,,8,16,16.3,12.3,,51,
276,Chase Edmonds\EdmoCh00,ARI,RB,22,5,0,0,0,0,0,0,14,39,2.79,0,10,9,39,4.33,0,,,8,17,16.8,12.3,,73,
277,Michael Gallup\GallMi00,DAL,WR,22,5,0,0,0,0,0,0,0,0,,0,15,6,82,13.67,0,,,8,14,14.2,11.2,,114,
278,Mike Gesicki\GesiMi00,MIA,TE,23,5,2,0,0,0,0,0,0,0,,0,12,8,77,9.63,0,,,8,16,15.7,11.7,,52,
279,Lamar Jackson\JackLa00,BAL,QB,21,5,0,1,5,24,0,0,16,72,4.5,0,1,0,0,,0,,,8,8,8.2,8.2,,39,
280,Darius Jennings\JennDa00,TEN,WR,26,5,0,0,0,0,0,0,0,0,,0,4,3,19,6.33,0,,,8,11,10.9,9.4,,115,
281,Jordan Leggett\LeggJo00,NYJ,TE,23,4,1,0,0,0,0,0,0,0,,0,6,4,23,5.75,1,,,8,12,12.3,10.3,,50,
282,Marcus Murphy\MurpMa03,BUF,RB,27,3,0,0,0,0,0,0,17,70,4.12,0,8,2,8,4,0,,,8,10,9.8,8.8,,74,
283,Michael Roberts\RobeMi01,DET,TE,24,2,1,0,0,0,0,0,0,0,,0,1,1,15,15,1,,,8,9,8.5,8,,53,
284,Alex Armah\ArmaAl00,CAR,RB,24,4,1,0,0,0,0,0,4,10,2.5,1,0,0,0,,0,,,7,7,7,7,,77,
285,Kapri Bibbs\BibbKa00,WAS,RB,25,2,0,0,0,0,0,0,6,12,2,1,0,0,0,,0,,,7,7,7.2,7.2,,75,
286,DJ Chark\CharDJ00,JAX,WR,22,5,0,0,0,0,0,0,0,0,,0,10,4,87,21.75,0,,,7,11,11.7,8.7,,117,
287,C.J. Ham\HamxC.00,MIN,RB,25,5,0,0,0,0,0,0,1,5,5,0,11,8,61,7.63,0,,,7,15,14.6,10.6,,78,
288,Jermaine Kearse\KearJe01,NYJ,WR,28,4,1,0,0,0,0,0,0,0,,0,17,7,71,10.14,0,,,7,14,14.1,10.6,,116,
289,Zach Line\LineZa01,NOR,RB,28,5,1,0,0,0,0,0,0,0,,0,6,3,10,3.33,1,,,7,10,10,8.5,,76,
290,James O'Shaughnessy\O'ShJa00,JAX,TE,26,5,1,0,0,0,0,0,0,0,,0,13,6,72,12,0,,,7,13,13.2,10.2,,54,
291,Joshua Perkins\PerkJo02,PHI,TE,25,5,1,0,0,0,0,0,0,0,,0,10,5,67,13.4,0,,,7,12,11.7,9.2,,56,
292,Andre Roberts\RobeAn00,NYJ,WR,30,5,0,0,0,0,0,0,1,2,2,0,2,1,4,4,0,,,7,8,7.6,7.1,,118,
293,Ian Thomas\ThomIa00,CAR,TE,22,4,3,0,0,0,0,0,0,0,,0,16,10,72,7.2,0,,,7,17,17.2,12.2,,55,
294,Jameis Winston\WinsJa00,TAM,QB,24,1,0,16,20,145,1,2,1,7,7,0,0,0,0,,0,,,7,7,8.5,8.5,,40,
295,Austin Carr\CarrAu00,NOR,WR,25,5,1,0,0,0,0,0,0,0,,0,7,5,62,12.4,0,,,6,11,11.2,8.7,,120,
296,Jack Doyle\DoylJa00,IND,TE,28,2,2,0,0,0,0,0,0,0,,0,15,9,80,8.89,0,,,6,15,16,10.5,,58,
297,Julian Edelman\EdelJu00,NWE,WR,32,1,1,0,0,0,0,0,0,0,,0,9,7,57,8.14,0,,,6,13,12.7,9.2,,124,
298,Gerald Everett\EverGe00,LAR,TE,24,5,0,0,0,0,0,0,0,0,,0,8,6,57,9.5,0,,,6,12,11.7,8.7,,60,
299,Marvin Hall\HallMa02,ATL,WR,25,5,0,0,0,0,0,0,0,0,,0,6,5,64,12.8,0,,,6,11,11.4,8.9,,119,
300,Cody Latimer\LatiCo00,NYG,WR,26,3,0,0,0,0,0,0,0,0,,0,5,3,56,18.67,0,,,6,9,8.6,7.1,,125,
301,Chris Moore\MoorCh00,BAL,WR,25,5,0,0,0,0,0,0,2,5,2.5,0,7,5,53,10.6,0,,,6,11,10.8,8.3,,123,
302,Brock Osweiler\OsweBr00,MIA,QB,28,1,0,4,5,35,1,0,1,7,7,0,0,0,0,,0,,,6,6,6.1,6.1,,41,
303,Jacquizz Rodgers\RodgJa00,TAM,RB,28,4,0,0,0,0,0,0,9,13,1.44,0,7,6,43,7.17,0,,,6,12,11.6,8.6,,79,
304,Russell Shepard\ShepRu00,NYG,WR,28,5,0,0,0,0,0,0,0,0,,0,8,4,61,15.25,0,,,6,10,10.1,8.1,,121,
305,Luke Stocker\StocLu00,TEN,TE,30,5,4,0,0,0,0,0,0,0,,0,7,5,63,12.6,0,,,6,11,11.3,8.8,,57,
306,Eric Tomlinson\TomlEr01,NYJ,TE,26,5,5,0,0,0,0,0,0,0,,0,8,5,60,12,0,,,6,11,11,8.5,,59,
307,Derrick Willies\WillDe06,CLE,WR,24,5,0,0,0,0,0,0,0,0,,0,5,3,61,20.33,0,,,6,9,9.1,7.6,,122,
308,Kamar Aiken\AikeKa00,PHI,WR,29,4,1,0,0,0,0,0,0,0,,0,7,6,53,8.83,0,,,5,11,11.3,8.3,,126,
309,Josh Doctson\DoctJo00,WAS,WR,26,3,2,0,0,0,0,0,0,0,,0,13,5,48,9.6,0,,,5,10,9.8,7.3,,131,
310,Wayne Gallman\GallWa00,NYG,RB,24,5,0,0,0,0,0,0,10,32,3.2,0,7,6,37,6.17,0,,,5,11,11.9,7.9,,80,
311,Shelton Gibson\GibsSh00,PHI,WR,23,5,0,0,0,0,0,0,0,0,,0,3,1,48,48,0,,,5,6,5.8,5.3,,130,
312,Maurice Harris\HarrMa05,WAS,WR,26,2,1,0,0,0,0,0,0,0,,0,8,3,47,15.67,0,,,5,8,7.7,6.2,,132,
313,Christopher Herndon\HernCh00,NYJ,TE,22,5,4,0,0,0,0,0,0,0,,0,7,5,47,9.4,0,,,5,10,9.7,7.2,,62,
314,Andre Holmes\HolmAn00,BUF,WR,30,5,1,0,0,0,0,0,0,0,,0,14,6,51,8.5,0,,,5,11,11.1,8.1,,127,
315,Andy Janovich\JanoAn00,DEN,RB,25,5,1,0,0,0,0,0,1,2,2,0,2,2,43,21.5,0,,,5,7,6.5,5.5,,81,
316,Marcus Johnson\JohnMa07,IND,WR,24,4,0,0,0,0,0,0,1,-2,-2,0,5,4,50,12.5,0,,,5,9,8.8,6.8,,129,
317,Josh Reynolds\ReynJo00,LAR,WR,23,5,0,0,0,0,0,0,1,10,10,0,4,2,39,19.5,0,,,5,7,6.9,5.9,,128,
318,Delanie Walker\WalkHu00,TEN,TE,34,1,1,0,0,0,0,0,0,0,,0,7,4,52,13,0,,,5,9,9.2,7.2,,61,
319,Doug Baldwin\BaldDo00,SEA,WR,30,3,3,0,0,0,0,0,0,0,,0,9,6,42,7,0,,,4,10,10.2,7.2,,134,
320,Alex Erickson\EricAl01,CIN,WR,26,5,0,0,0,0,0,0,1,8,8,0,5,4,32,8,0,,,4,8,8,6,,135,
321,DaeSean Hamilton\HamiDa01,DEN,WR,23,5,0,0,0,0,0,0,0,0,,0,3,3,44,14.67,0,,,4,7,7.4,5.9,,133,
322,Jacob Hollister\HollJa03,NWE,WR,25,2,1,0,0,0,0,0,0,0,,0,3,3,35,11.67,0,,,4,7,6.5,5,,137,
323,Tyler Kroft\KrofTy00,CIN,TE,26,5,2,0,0,0,0,0,0,0,,0,6,4,36,9,0,,,4,8,7.6,5.6,,63,
324,Matt LaCosse\LaCoMa00,DEN,TE,26,5,0,0,0,0,0,0,0,0,,0,4,3,36,12,0,,,4,7,6.6,5.1,,64,
325,Marlon Mack\MackMa00,IND,RB,22,1,1,0,0,0,0,0,10,34,3.4,0,2,1,2,2,0,,,4,5,4.6,4.1,,84,
326,David Morgan\MorgDa01,MIN,TE,25,4,3,0,0,0,0,0,0,0,,0,5,5,36,7.2,0,,,4,9,8.6,6.1,,65,
327,DeVante Parker\ParkDe01,MIA,WR,25,1,1,0,0,0,0,0,0,0,,0,3,2,40,20,0,,,4,6,6,5,,136,
328,Rod Smith\SmitRo06,DAL,RB,26,5,0,0,0,0,0,0,10,37,3.7,0,2,1,0,0,0,,,4,5,4.7,4.2,,83,
329,Mark Walton\WaltMa00,CIN,RB,21,3,0,0,0,0,0,0,5,9,1.8,0,7,4,31,7.75,0,,,4,8,8,6,,82,
330,Josh Adams\AdamJo03,PHI,RB,22,3,0,0,0,0,0,0,7,29,4.14,0,0,0,0,,0,,,3,3,2.9,2.9,,89,
331,Derek Carrier\CarrDe00,OAK,TE,28,5,1,0,0,0,0,0,0,0,,0,6,3,25,8.33,0,,,3,6,5.5,4,,72,
332,Jawill Davis\DaviJa07,NYG,WR,23,2,0,0,0,0,0,0,0,0,,0,4,2,27,13.5,0,,,3,5,4.7,3.7,,141,
333,Seth Devalve\DevaSe00,CLE,TE,25,2,1,0,0,0,0,0,0,0,,0,1,1,26,26,0,,,3,4,3.6,3.1,,71,
334,Robert Foster\FostRo01,BUF,WR,24,5,0,0,0,0,0,0,0,0,,0,9,2,30,15,0,,,3,5,5,4,,139,
335,Rico Gathers\GathRi00,DAL,TE,24,4,1,0,0,0,0,0,0,0,,0,3,1,32,32,0,,,3,4,4.2,3.7,,67,
336,Mike Gillislee\GillMi00,NOR,RB,28,4,0,0,0,0,0,0,16,43,2.69,0,1,1,9,9,0,,,3,4,5.2,3.7,,87,
337,Jeremy Hill\HillJe01,NWE,RB,26,1,0,0,0,0,0,0,4,25,6.25,0,1,1,6,6,0,,,3,4,4.1,3.6,,88,
338,Ronald Jones\JoneRo01,TAM,RB,21,1,0,0,0,0,0,0,10,29,2.9,0,2,1,-1,-1,0,,,3,4,3.8,3.3,,90,
339,Greg Olsen\OlseGr00,CAR,TE,33,1,1,0,0,0,0,0,0,0,,0,2,2,33,16.5,0,,,3,5,5.3,4.3,,66,
340,Tim Patrick\PatrTi00,DEN,WR,25,5,1,0,0,0,0,0,0,0,,0,5,2,32,16,0,,,3,5,5.2,4.2,,138,
341,Stevan Ridley\RidlSt00,PIT,RB,29,4,0,0,0,0,0,0,9,28,3.11,0,1,1,5,5,0,,,3,4,4.3,3.8,,85,
342,Vyncint Smith\SmitVy00,HOU,WR,22,2,1,0,0,0,0,0,0,0,,0,4,1,28,28,0,,,3,4,3.8,3.3,,140,
343,Darren Sproles\SproDa00,PHI,RB,35,1,1,0,0,0,0,0,5,10,2,0,7,4,22,5.5,0,,,3,7,7.2,5.2,,86,
344,Neal Sterling\SterNe00,NYJ,TE,26,2,2,0,0,0,0,0,0,0,,0,3,3,27,9,0,,,3,6,5.7,4.2,,70,
345,Logan Thomas\ThomLo00,BUF,TE,27,3,1,0,0,0,0,0,0,0,,0,3,2,31,15.5,0,,,3,5,5.1,4.1,,68,
346,Luke Willson\WillLu00,DET,TE,28,5,4,0,0,0,0,0,0,0,,0,7,4,29,7.25,0,,,3,7,6.9,4.9,,69,
347,Mo Alie-Cox\AlieMo00,IND,TE,25,1,0,0,0,0,0,0,0,0,,0,2,1,17,17,0,,,2,3,2.7,2.2,,77,
348,Travis Benjamin\BenjTr00,LAC,WR,29,2,1,0,0,0,0,0,1,19,19,0,6,2,3,1.5,0,,,2,4,4.2,3.2,,142,
349,Trenton Cannon\CannTr00,NYJ,RB,24,5,0,0,0,0,0,0,6,15,2.5,0,1,1,6,6,0,,,2,3,3.1,2.6,,96,
350,Derrick Coleman\ColeDe00,ARI,RB,28,5,1,0,0,0,0,0,1,1,1,0,2,2,17,8.5,0,,,2,4,3.8,2.8,,100,
351,James Develin\DeveJa00,NWE,RB,30,5,3,0,0,0,0,0,0,0,,0,7,4,22,5.5,0,,,2,6,6.2,4.2,,93,
352,Patrick DiMarco\DiMaPa00,BUF,RB,29,5,1,0,0,0,0,0,0,0,,0,1,1,24,24,0,,,2,3,3.4,2.9,,92,
353,Jermaine Gresham\GresJe00,ARI,TE,30,3,2,0,0,0,0,0,0,0,,0,3,2,20,10,0,,,2,4,4,3,,75,
354,Roosevelt Nix\NixxRo01,PIT,RB,26,5,0,0,0,0,0,0,0,0,,0,1,1,19,19,0,,,2,3,2.9,2.4,,97,
355,C.J. Prosise\ProsC.00,SEA,RB,24,3,0,0,0,0,0,0,0,0,,0,3,3,22,7.33,0,,,2,5,5.2,3.7,,94,
356,Jonnu Smith\SmitJo01,TEN,TE,23,5,5,0,0,0,0,0,0,0,,0,9,2,21,10.5,0,,,2,4,4.1,3.1,,74,
357,Lee Smith\SmitLe00,OAK,TE,31,5,1,0,0,0,0,0,0,0,,0,4,3,23,7.67,0,,,2,5,5.3,3.8,,73,
358,Jonathan Stewart\StewJo00,NYG,RB,31,3,0,0,0,0,0,0,6,17,2.83,0,0,0,0,,0,,,2,2,1.7,1.7,,101,
359,Roc Thomas\ThomRo05,MIN,RB,23,2,0,0,0,0,0,0,5,12,2.4,0,3,1,6,6,0,,,2,3,2.8,2.3,,99,
360,Levine Toilolo\ToilLe00,DET,TE,27,5,2,0,0,0,0,0,0,0,,0,3,3,19,6.33,0,,,2,5,4.9,3.4,,76,
361,De'Lance Turner\TurnDe01,BAL,RB,23,4,0,0,0,0,0,0,1,4,4,0,2,2,17,8.5,0,,,2,4,4.1,3.1,,95,
362,Brandon Wilds\WildBr01,JAX,RB,25,3,0,0,0,0,0,0,6,15,2.5,0,0,0,0,,0,,,2,2,1.5,1.5,,102,
363,Damien Williams\WillDa05,KAN,RB,26,5,0,0,0,0,0,0,2,0,0,0,3,3,18,6,0,,,2,5,4.8,3.3,,98,
364,Terrance Williams\WillTe01,DAL,WR,29,3,2,0,0,0,0,0,0,0,,0,3,2,18,9,0,,,2,4,3.8,2.8,,143,
365,Shaun Wilson\WilsSh01,TAM,RB,23,3,0,0,0,0,0,0,2,15,7.5,0,2,2,9,4.5,0,,,2,4,4.4,3.4,,91,
366,Antony Auclair\AuclAn00,TAM,TE,25,4,1,0,0,0,0,0,0,0,,0,1,1,8,8,0,,,1,2,1.8,1.3,,84,
367,Kalen Ballage\BallKa00,MIA,RB,23,2,0,0,0,0,0,0,2,5,2.5,0,0,0,0,,0,,,1,1,0.5,0.5,,112,
368,Kenjon Barner\BarnKe00,NWE,RB,28,1,0,0,0,0,0,0,3,11,3.67,0,0,0,0,,0,,,1,1,1.1,1.1,,106,
369,Tommy Bohanon\BohaTo00,JAX,RB,28,5,3,0,0,0,0,0,0,0,,0,3,1,5,5,0,,,1,2,1.5,1,,113,
370,Victor Bolden\BoldVi00,SFO,WR,23,1,0,0,0,0,0,0,0,0,,0,4,1,10,10,0,,,1,2,2,1.5,,153,
371,Mike Boone\BoonMi00,MIN,RB,23,3,0,0,0,0,0,0,3,12,4,0,2,2,1,0.5,0,,,1,3,3.3,2.3,,104,
372,Michael Burton\BurtMi00,CHI,RB,26,3,1,0,0,0,0,0,0,0,,0,1,1,6,6,0,,,1,2,1.6,1.1,,111,
373,DeAndre Carter\CartDe02,PHI,WR,25,4,1,0,0,0,0,0,0,0,,0,1,1,10,10,0,,,1,2,2,1.5,,151,
374,Sammie Coates\CoatSa00,HOU,WR,25,3,0,0,0,0,0,0,0,0,,0,2,1,12,12,0,,,1,2,2.2,1.7,,147,
375,Tyler Conklin\ConkTy00,MIN,TE,23,5,1,0,0,0,0,0,0,0,,0,2,2,13,6.5,0,,,1,3,3.3,2.3,,78,
376,Benny Cunningham\CunnBe01,CHI,RB,28,4,0,0,0,0,0,0,1,0,0,0,2,1,9,9,0,,,1,2,1.9,1.4,,109,
377,Tyler Ervin\ErviTy00,HOU,RB,25,5,0,0,0,0,0,0,0,0,,0,2,1,12,12,0,,,1,2,2.2,1.7,,105,
378,Xavier Grimble\GrimXa00,PIT,TE,26,5,1,0,0,0,0,0,0,0,,0,2,1,9,9,0,,,1,2,1.9,1.4,,82,
379,Justin Hardee\HardJu01,NOR,WR,24,5,0,0,0,0,0,0,0,0,,0,1,1,10,10,0,,,1,2,2,1.5,,149,
380,Dwayne Harris\HarrDw00,OAK,WR,31,4,0,0,0,0,0,0,1,-1,-1,0,2,2,11,5.5,0,,,1,3,3,2,,152,
381,KhaDarel Hodge\HodgKh00,LAR,WR,23,3,0,0,0,0,0,0,0,0,,0,1,1,14,14,0,,,1,2,2.4,1.9,,144,
382,Justin Hunter\HuntJu00,PIT,WR,27,2,0,0,0,0,0,0,0,0,,0,5,1,6,6,0,,,1,2,1.6,1.1,,158,
383,Hayden Hurst\HursHa00,BAL,TE,25,1,0,0,0,0,0,0,0,0,,0,2,1,7,7,0,,,1,2,1.7,1.2,,86,
384,Richie James\JameRi00,SFO,WR,23,2,1,0,0,0,0,0,0,0,,0,1,1,7,7,0,,,1,2,1.7,1.2,,157,
385,Blake Jarwin\JarwBl00,DAL,TE,24,5,2,0,0,0,0,0,0,0,,0,4,1,11,11,0,,,1,2,2.1,1.6,,80,
386,T.J. Jones\JoneT.00,DET,WR,26,5,0,0,0,0,0,0,0,0,,0,5,2,10,5,0,,,1,3,3,2,,150,
387,Robert Kelley\KellRo00,WAS,RB,26,2,0,0,0,0,0,0,4,8,2,0,0,0,0,,0,,,1,1,0.8,0.8,,110,
388,Marcus Kemp\KempMa00,KAN,WR,23,5,0,0,0,0,0,0,0,0,,0,1,1,7,7,0,,,1,2,1.7,1.2,,156,
389,Jeremy Kerley\KerlJe00,BUF,WR,30,1,1,0,0,0,0,0,0,0,,0,4,2,7,3.5,0,,,1,3,2.7,1.7,,155,
390,Khari Lee\LeexKh00,BUF,TE,26,2,0,0,0,0,0,0,0,0,,0,1,1,5,5,0,,,1,2,1.5,1,,87,
391,Tre Madden\MaddTr01,SEA,RB,25,5,0,0,0,0,0,0,1,2,2,0,2,1,7,7,0,,,1,2,1.9,1.4,,108,
392,Josh Malone\MaloJo00,CIN,WR,22,5,0,0,0,0,0,0,0,0,,0,4,1,12,12,0,,,1,2,2.2,1.7,,146,
393,Rishard Matthews\MattRi00,TEN,WR,29,3,0,0,0,0,0,0,0,0,,0,6,3,11,3.67,0,,,1,4,4.1,2.6,,148,
394,Ray-Ray McCloud\McClRa00,BUF,WR,22,3,1,0,0,0,0,0,1,-3,-3,0,2,2,13,6.5,0,,,1,3,3,2,,154,
395,Christine Michael\MichCh00,IND,RB,28,1,0,0,0,0,0,0,2,9,4.5,0,0,0,0,,0,,,1,1,0.9,0.9,,107,
396,Brian Quick\QuicBr00,WAS,WR,29,3,0,0,0,0,0,0,0,0,,0,1,1,6,6,0,,,1,2,1.6,1.1,,159,
397,Eric Saubert\SaubEr00,ATL,TE,24,5,0,0,0,0,0,0,0,0,,0,3,1,8,8,0,,,1,2,1.8,1.3,,83,
398,Scott Simonson\SimoSc00,NYG,TE,26,5,1,0,0,0,0,0,0,0,,0,2,1,7,7,0,,,1,2,1.7,1.2,,85,
399,Dion Sims\SimsDi00,CHI,TE,27,4,2,0,0,0,0,0,0,0,,0,3,2,9,4.5,0,,,1,3,2.9,1.9,,81,
400,Keith Smith\SmitKe03,OAK,RB,26,5,1,0,0,0,0,0,1,0,0,0,4,3,14,4.67,0,,,1,4,4.4,2.9,,103,
401,Hakeem Valles\VallHa00,DET,TE,26,3,0,0,0,0,0,0,0,0,,0,3,2,11,5.5,0,,,1,3,3.1,2.1,,79,
402,Tim White\WhitTi00,BAL,WR,24,3,0,0,0,0,0,0,0,0,,0,1,1,14,14,0,,,1,2,2.4,1.9,,145,
403,Ameer Abdullah\AbduAm00,DET,,25,1,0,0,0,0,0,0,0,0,,0,0,0,0,,0,,,,,,,,125,
404,Dwayne Allen\AlleDw00,NWE,TE,28,5,3,0,0,0,0,0,0,0,,0,2,1,-4,-4,0,,,,1,0.6,0.1,,102,
405,Cameron Artis-Payne\ArtiCa00,CAR,,28,2,0,0,0,0,0,0,0,0,,0,0,0,0,,0,,,,,,,,118,
406,Brandon Bolden\BoldBr00,MIA,,28,5,0,0,0,0,0,0,0,0,,0,0,0,0,,0,,,,,,,,127,
407,Ben Braunecker\BrauBe00,CHI,,24,4,0,0,0,0,0,0,0,0,,0,0,0,0,,0,,,,,,,,92,
408,Teddy Bridgewater\BridTe00,NOR,QB,26,1,0,0,0,0,0,0,3,-3,-1,0,0,0,0,,0,,,,,-0.3,-0.3,,47,
409,Jacoby Brissett\BrisJa00,IND,QB,25,1,0,0,1,0,0,0,0,0,,0,0,0,0,,0,,,,,,,,43,
410,Daniel Brown\BrowDa04,CHI,,26,3,0,0,0,0,0,0,0,0,,0,0,0,0,,0,,,,,,,,173,
411,Orson Charles\CharOr00,CLE,,27,5,1,0,0,0,0,0,0,0,,0,2,0,0,,0,,,,,,,,88,
412,Jehu Chesson\ChesJe00,WAS,,25,1,0,0,0,0,0,0,0,0,,0,1,0,0,,0,,,,,,,,170,
413,Stacy Coley\ColeSt00,2TM,,24,3,0,0,0,0,0,0,0,0,,0,1,0,0,,0,,,,,,,,174,
414,Pharoh Cooper\CoopPh00,LAR,,23,1,0,0,0,0,0,0,0,0,,0,0,0,0,,0,,,,,,,,167,
415,Cody Core\CoreCo00,CIN,,24,3,0,0,0,0,0,0,0,0,,0,0,0,0,,0,,,,,,,,177,
416,Alan Cross\CrosAl00,TAM,,25,4,1,0,0,0,0,0,0,0,,0,1,0,0,,0,,,,,,,,89,
417,Sean Culkin\CulkSe00,LAC,,25,5,2,0,0,0,0,0,0,0,,0,0,0,0,,0,,,,,,,,91,
418,Chase Daniel\DaniCh00,CHI,QB,32,1,0,0,0,0,0,0,2,-2,-1,0,0,0,0,,0,,,,,-0.2,-0.2,,45,
419,Darrell Daniels\DaniDa02,SEA,,24,4,1,0,0,0,0,0,0,0,,0,1,0,0,,0,,,,,,,,98,
420,Geremy Davis\DaviGe00,LAC,,26,4,0,0,0,0,0,0,0,0,,0,0,0,0,,0,,,,,,,,171,
421,Justin Davis\DaviJu00,LAR,,23,4,0,0,0,0,0,0,0,0,,0,0,0,0,,0,,,,,,,,122,
422,Ed Dickson\DickEd00,SEA,,31,1,0,0,0,0,0,0,0,0,,0,0,0,0,,0,,,,,,,,94,
423,Joshua Dobbs\DobbJo00,PIT,QB,23,1,0,0,0,0,0,0,1,-3,-3,0,0,0,0,,0,,,,,-0.3,-0.3,,48,
424,Michael Floyd\FloyMi00,WAS,,29,1,1,0,0,0,0,0,0,0,,0,0,0,0,,0,,,,,,,,168,
425,David Fluellen\FlueDa00,TEN,,26,3,0,0,0,0,0,0,0,0,,0,0,0,0,,0,,,,,,,,126,
426,Justin Hardy\HardJu00,ATL,WR,27,5,0,0,0,0,0,0,0,0,,0,1,1,4,4,0,,,,1,1.4,0.9,,161,
427,Clark Harris\HarrCl20,CIN,,34,5,0,0,0,0,0,0,0,0,,0,0,0,0,,0,,,,,,,,97,
428,Darrius Heyward-Bey\HeywDa00,PIT,,31,4,0,0,0,0,0,0,0,0,,0,0,0,0,,0,,,,,,,,183,
429,Brian Hoyer\HoyeBr00,NWE,QB,33,1,0,0,0,0,0,0,3,-3,-1,0,0,0,0,,0,,,,,-0.3,-0.3,,46,
430,Darius Jackson\JackDa01,GNB,,25,2,0,0,0,0,0,0,0,0,,0,0,0,0,,0,,,,,,,,120,
431,Brandon LaFell\LaFeBr00,OAK,,32,2,1,0,0,0,0,0,0,0,,0,0,0,0,,0,,,,,,,,176,
432,Marcedes Lewis\LewiMa00,GNB,,34,5,0,0,0,0,0,0,0,0,,0,1,0,0,,0,,,,,,,,95,
433,Tommylee Lewis\LewiTo00,NOR,,26,2,0,0,0,0,0,0,0,0,,0,0,0,0,,0,,,,,,,,178,
434,Bradley Marquez\MarqBr00,DET,,26,1,0,0,0,0,0,0,0,0,,0,0,0,0,,0,,,,,,,,179,
435,Freddie Martino\MartFr00,TAM,,27,3,0,0,0,0,0,0,0,0,,0,1,0,0,,0,,,,,,,,162,
436,Tanner McEvoy\McEvTa01,MIA,,25,2,0,0,0,0,0,0,0,0,,0,0,0,0,,0,,,,,,,,180,
437,Jeremy McNichols\McNiJe00,IND,RB,23,1,0,0,0,0,0,0,2,4,2,0,0,0,0,,0,,,,,0.4,0.4,,114,
438,Raheem Mostert\MostRa00,SFO,RB,26,5,0,0,0,0,0,0,6,11,1.83,0,2,2,6,3,0,,,,2,2.7,0.7,,129,
439,JJ Nelson\NelsJJ00,ARI,WR,26,5,0,0,0,0,0,0,0,0,,0,3,1,4,4,0,,,,1,1.4,0.9,,160,
440,Detrez Newsome\NewsDe00,LAC,RB,24,3,0,0,0,0,0,0,1,0,0,0,0,0,0,,0,,,,,,,,124,
441,Jamize Olawale\OlawJa00,DAL,,29,5,2,0,0,0,0,0,0,0,,0,0,0,0,,0,,,,,,,,3,
442,Nick O'Leary\OLeaNi00,MIA,,26,1,0,0,0,0,0,0,0,0,,0,0,0,0,,0,,,,,,,,93,
443,Brian Parker\ParkBr00,DEN,,26,2,0,0,0,0,0,0,0,0,,0,1,0,0,,0,,,,,,,,99,
444,Charone Peake\PeakCh00,NYJ,,26,3,0,0,0,0,0,0,0,0,,0,0,0,0,,0,,,,,,,,181,
445,Elijhaa Penny\PennEl00,NYG,,25,3,1,0,0,0,0,0,0,0,,0,0,0,0,,0,,,,,,,,128,
446,Senorise Perry\PerrSe00,MIA,,27,5,0,0,0,0,0,0,0,0,,0,0,0,0,,0,,,,,,,,121,
447,MyCole Pruitt\PruiMy00,TEN,,26,4,0,0,0,0,0,0,0,0,,0,0,0,0,,0,,,,,,,,101,
448,Thomas Rawls\RawlTh00,CIN,,25,1,0,0,0,0,0,0,0,0,,0,0,0,0,,0,,,,,,,,123,
449,Matt Schaub\SchaMa00,ATL,QB,37,2,0,5,7,20,0,0,1,0,0,0,1,1,-7,-7,0,,,,1,1.1,0.6,,42,
450,Matt Slater\SlatMa00,NWE,,33,5,0,0,0,0,0,0,0,0,,0,0,0,0,,0,,,,,,,,172,
451,Geno Smith\SmitGe00,LAC,QB,28,1,0,0,0,0,0,0,1,-1,-1,0,0,0,0,,0,,,,,-0.1,-0.1,,44,
452,Nate Solder\SoldNa00,NYG,,30,5,5,0,0,0,0,0,0,0,,0,0,0,0,,0,,,,,,,,100,
453,Jeremy Sprinkle\SpriJe00,WAS,,24,4,2,0,0,0,0,0,0,0,,0,0,0,0,,0,,,,,,,,90,
454,Brandon Tate\TateBr00,NOR,,31,1,0,0,0,0,0,0,0,0,,0,0,0,0,,0,,,,,,,,164,
455,Mike Thomas\ThomMi04,LAR,,24,1,0,0,0,0,0,0,0,0,,0,0,0,0,,0,,,,,,,,182,
456,Robert Turbin\TurbRo00,IND,,29,1,0,0,0,0,0,0,0,0,,0,1,0,0,,0,,,,,,,,119,
457,Mike Wallace\WallMi00,PHI,,32,2,2,0,0,0,0,0,0,0,,0,3,0,0,,0,,,,,,,,163,
458,Dwayne Washington\WashDw00,NOR,RB,24,2,0,0,0,0,0,0,2,2,1,0,0,0,0,,0,,,,,0.2,0.2,,115,
459,Derek Watt\WattDe00,LAC,RB,26,5,0,0,0,0,0,0,1,1,1,0,0,0,0,,0,,,,,0.1,0.1,,117,
460,Joe Webb\WebbJo00,HOU,,32,5,0,0,0,0,0,0,0,0,,0,0,0,0,,0,,,,,,,,166,
461,Markus Wheaton\WheaMa00,PHI,,27,1,0,0,0,0,0,0,0,0,,0,0,0,0,,0,,,,,,,,169,
462,Kevin White\WhitKe00,CHI,,26,4,0,0,0,0,0,0,0,0,,0,0,0,0,,0,,,,,,,,175,
463,Cole Wick\WickCo00,SFO,,25,5,0,0,0,0,0,0,0,0,,0,1,0,0,,0,,,,,,,,96,
464,Jonathan Williams\WillJo07,NOR,RB,24,3,0,0,0,0,0,0,3,0,0,0,1,1,1,1,0,,,,1,1.1,0.6,,116,
465,Nick Williams\WillNi02,TEN,,28,2,0,0,0,0,0,0,0,0,,0,1,0,0,,0,,,,,,,,165,
466,Nick Bellore\BellNi01,DET,RB,29,5,1,0,0,0,0,0,0,0,,0,1,1,-5,-5,0,,,-1,1,0.5,,,130,
467,Rod Streater\StreRo00,CLE,WR,30,2,0,0,0,0,0,0,1,-11,-11,0,0,0,0,,0,,,-1,-1,-1.1,-1.1,,184,
468,Matt Cassel\CassMa00,DET,QB,36,1,0,2,6,14,0,1,1,-1,-1,0,0,0,0,,0,,,-2,-2,-0.5,-0.5,,49,
469,Kaelin Clay\ClayKa00,NYG,,26,2,0,0,0,0,0,0,0,0,,0,0,0,0,,0,,,-2,-2,-1,-2,,186,
470,JJ Jones\JoneJJ00,LAC,WR,26,3,0,0,0,0,0,0,1,0,0,0,0,0,0,,0,,,-2,-2,-1,-2,,185,
471,DeShone Kizer\KizeDe00,GNB,QB,22,1,0,4,7,55,0,1,0,0,,0,0,0,0,,0,,,-2,-2,0.2,-0.8,,50,
472,Nathan Peterman\PeteNa00,BUF,QB,24,1,1,5,18,24,0,2,1,1,1,0,0,0,0,,0,,,-3,-3,-0.9,-0.9,,51,
