Rk,,Tm,FantPos,Age,G,GS,Cmp,Att,Yds,TD,Int,Att,Yds,Y/A,TD,Tgt,Rec,Yds,Y/R,TD,2PM,2PP,FantPt,PPR,DKPt,FDPt,VBD,PosRank,OvRank
1,Todd Gurley\GurlTo01,LAR,RB,24,6,6,0,0,0,0,0,129,623,4.83,9,30,21,247,11.76,2,2,,155,176,183.0,165.5,107,1,1
2,Melvin Gordon\GordMe00,LAC,RB,25,6,6,0,0,0,0,0,91,466,5.12,6,42,30,279,9.30,3,2,,133,163,168.5,147.5,85,2,2
3,Saquon Barkley\BarkSa00,NYG,RB,21,6,6,0,0,0,0,0,84,438,5.21,4,51,40,373,9.33,2,,,117,157,163.1,137.1,69,3,3
4,James Conner\ConnJa00,PIT,RB,23,6,5,0,0,0,0,0,103,453,4.40,7,35,26,257,9.88,0,2,,115,141,148.0,128.0,67,4,4
5,Alvin Kamara\KamaAl00,NOR,RB,23,5,4,0,0,0,0,0,62,299,4.82,5,51,38,351,9.24,1,2,,105,143,149.0,124.0,57,5,5
6,Tyreek Hill\HillTy00,KAN,WR,24,6,6,0,0,0,0,0,8,37,4.63,0,51,34,567,16.68,6,,,102,136,139.4,119.4,53,1,6
7,Kareem Hunt\HuntKa00,KAN,RB,23,6,6,0,0,0,0,0,103,456,4.43,4,15,10,171,17.10,2,,,99,109,114.7,103.7,51,6,7
8,Ezekiel Elliott\ElliEz00,DAL,RB,23,6,6,0,0,0,0,0,117,586,5.01,3,30,23,166,7.22,1,,,97,120,127.2,108.7,49,7,8
9,Adam Thielen\ThieAd00,MIN,WR,28,6,6,0,0,0,0,0,0,0,,0,81,58,712,12.28,4,,,95,153,156.2,124.2,46,2,9
10,Patrick Mahomes\MahoPa00,KAN,QB,23,6,6,135,212,1865,18,4,24,75,3.13,2,0,0,0,,0,,,158,158,165.1,162.1,45,1,10
11,Davante Adams\AdamDa01,GNB,WR,26,6,6,0,0,0,0,0,0,0,,0,71,47,557,11.85,6,,,92,139,141.7,115.2,43,3,11
12,Matt Ryan\RyanMa00,ATL,QB,33,6,6,156,224,1955,14,2,14,66,4.71,2,0,0,0,,0,,2,151,151,156.8,152.8,37,2,12
13,Eric Ebron\EbroEr00,IND,TE,25,6,4,0,0,0,0,0,1,-1,-1.00,0,52,30,326,10.87,6,,,69,99,101.5,83.5,35,1,13
14,Antonio Brown\BrowAn04,PIT,WR,30,6,6,0,0,0,0,0,0,0,,0,72,40,478,11.95,6,,,84,124,126.8,103.8,35,4,14
15,DeAndre Hopkins\HopkDe00,HOU,WR,26,6,6,0,1,0,0,0,1,-7,-7.00,0,63,44,657,14.93,3,,,81,125,129.0,103.0,32,5,15
16,Travis Kelce\KelcTr00,KAN,TE,29,6,6,0,0,0,0,0,0,0,,0,55,33,468,14.18,3,,,65,98,100.8,81.3,31,2,16
17,Isaiah Crowell\CrowIs00,NYJ,RB,25,6,0,0,0,0,0,0,70,430,6.14,5,10,8,48,6.00,0,,,78,86,88.8,81.8,30,8,17
18,Robert Woods\WoodRo02,LAR,WR,26,6,6,0,0,0,0,0,7,84,12.00,0,51,36,524,14.56,3,,,79,115,117.8,96.8,30,6,18
19,James White\WhitJa02,NWE,RB,26,6,1,0,0,0,0,0,29,149,5.14,1,51,37,323,8.73,4,,,77,114,120.2,95.7,29,9,19
20,A.J. Green\GreeA.00,CIN,WR,30,6,6,0,0,0,0,0,0,0,,0,55,33,494,14.97,5,,,77,110,114.4,93.9,28,7,20
21,David Johnson\JohnDa08,ARI,RB,27,6,6,0,0,0,0,0,92,297,3.23,5,27,17,135,7.94,1,,,75,92,100.2,83.7,27,10,21
22,Cooper Kupp\KuppCo00,LAR,WR,25,6,6,0,0,0,0,0,4,25,6.25,0,42,30,438,14.60,5,,,76,106,109.3,91.3,27,8,22
23,Zach Ertz\ErtzZa00,PHI,TE,28,6,6,0,0,0,0,0,0,0,,0,67,48,480,10.00,2,,,60,108,111.0,84.0,27,3,23
24,T.J. Yeldon\YeldT.00,JAX,RB,25,6,3,0,0,0,0,0,67,299,4.46,1,37,25,223,8.92,3,,,74,99,106.2,86.7,26,11,24
25,Emmanuel Sanders\SandEm00,DEN,WR,31,6,6,0,0,0,0,0,2,53,26.50,1,54,40,501,12.53,2,,,73,113,116.4,93.4,24,9,25
26,Carlos Hyde\HydeCa00,CLE,RB,28,6,5,0,0,0,0,0,114,382,3.35,5,10,6,29,4.83,0,,,71,77,80.1,74.1,23,12,26
27,Calvin Ridley\RidlCa00,ATL,WR,24,6,0,0,0,0,0,0,3,13,4.33,0,29,22,349,15.86,6,,,72,94,97.2,83.2,23,10,27
28,Julio Jones\JoneJu02,ATL,WR,29,6,6,0,0,0,0,0,1,11,11.00,0,69,44,707,16.07,0,,,72,116,118.8,93.8,23,11,28
29,Matt Breida\BreiMa00,SFO,RB,23,6,5,0,0,0,0,0,63,430,6.83,2,13,11,90,8.18,1,,,70,81,84.0,75.5,22,13,29
30,JuJu Smith-Schuster\SmitJu00,PIT,WR,22,6,5,0,0,0,0,0,0,0,,0,63,42,561,13.36,2,1,,70,112,115.1,91.1,21,12,30
31,Tyler Boyd\BoydTy00,CIN,WR,24,6,6,0,0,0,0,0,1,5,5.00,0,52,37,455,12.30,4,,,70,107,110.0,88.5,21,13,31
32,DeSean Jackson\JackDe00,TAM,WR,32,5,5,0,0,0,0,0,1,7,7.00,0,31,21,501,23.86,3,,,69,90,92.8,79.3,20,14,32
33,Aaron Rodgers\RodgAa00,GNB,QB,35,6,6,156,254,1997,12,1,17,111,6.53,0,0,0,0,,0,,1,133,133,143.0,134.0,20,3,33
34,Jared Cook\CookJa02,OAK,TE,31,6,6,0,0,0,0,0,0,0,,0,43,32,400,12.50,2,,,52,84,87.0,68.0,19,4,34
35,Stefon Diggs\DiggSt00,MIN,WR,25,6,6,0,0,0,0,0,5,43,8.60,0,60,40,435,10.88,3,1,,68,108,110.8,87.8,19,15,35
36,Tyler Lockett\LockTy00,SEA,WR,26,6,6,0,0,0,0,0,3,18,6.00,0,32,23,360,15.65,5,,,68,91,93.8,79.3,19,16,36
37,Sony Michel\MichSo00,NWE,RB,23,5,3,0,0,0,0,0,91,400,4.40,4,7,3,18,6.00,0,,,66,69,71.8,67.3,18,14,37
38,Albert Wilson\WilsAl02,MIA,WR,26,6,2,1,1,52,1,0,6,12,2.00,0,32,23,359,15.61,4,,,67,90,93.2,78.7,18,17,38
39,George Kittle\KittGe00,SFO,TE,25,6,6,0,0,0,0,0,0,0,,0,41,27,429,15.89,1,1,,51,78,80.9,64.4,18,5,39
40,Michael Thomas\ThomMi05,NOR,WR,25,5,5,0,0,0,0,0,0,0,,0,49,46,519,11.28,3,,,66,112,116.9,88.9,17,18,40
41,Marshawn Lynch\LyncMa00,OAK,RB,32,6,6,0,0,0,0,0,90,376,4.18,3,18,15,84,5.60,0,,,64,79,82.0,71.5,16,15,41
42,Adrian Peterson\PeteAd01,WAS,RB,33,5,5,0,0,0,0,0,77,339,4.40,3,10,7,136,19.43,0,,,64,71,77.5,67.0,16,16,42
43,Ben Roethlisberger\RoetBe00,PIT,QB,36,6,6,170,261,2033,12,6,13,38,2.92,1,1,1,-1,-1.00,0,,3,129,130,141.0,135.5,16,4,43
44,Mike Evans\EvanMi00,TAM,WR,25,5,5,0,0,0,0,0,0,0,,0,44,33,484,14.67,3,,,64,97,101.4,80.9,15,19,44
45,Austin Ekeler\EkelAu00,LAC,RB,23,6,0,0,0,0,0,0,41,263,6.41,0,17,14,207,14.79,3,,,63,77,84.0,70.0,15,17,45
46,Christian McCaffrey\McCaCh01,CAR,RB,22,5,5,0,0,0,0,0,71,349,4.92,0,40,34,238,7.00,1,,,63,97,103.7,79.7,15,18,46
47,Joe Mixon\MixoJo00,CIN,RB,22,4,4,0,0,0,0,0,71,336,4.73,2,19,13,99,7.62,1,,,62,75,77.5,68.0,14,19,47
48,Alex Collins\CollAl00,BAL,RB,24,6,6,0,0,0,0,0,76,271,3.57,4,14,9,77,8.56,1,,,61,70,74.8,65.3,13,20,48
49,Kirk Cousins\CousKi00,MIN,QB,30,6,6,185,260,1921,12,3,21,76,3.62,1,1,1,-1,-1.00,0,,2,126,127,138.3,129.8,13,5,49
50,Golden Tate\TateGo00,DET,WR,30,5,2,0,0,0,0,0,1,9,9.00,0,51,33,431,13.06,3,,,62,95,98.0,78.5,13,20,50
51,Philip Rivers\RivePh00,LAC,QB,37,6,6,133,194,1702,15,3,10,0,0.00,0,0,0,0,,0,,2,126,126,132.1,129.1,13,6,51
52,Odell Beckham\BeckOd00,NYG,WR,26,6,6,1,1,57,1,0,3,9,3.00,0,69,45,506,11.24,1,,,62,107,110.8,84.3,13,21,52
53,Andrew Luck\LuckAn00,IND,QB,29,6,6,186,288,1792,16,8,11,60,5.45,0,0,0,0,,0,,1,126,126,137.7,133.7,12,7,53
54,John Brown\BrowJo02,BAL,WR,28,6,5,0,0,0,0,0,2,4,2.00,0,47,21,424,20.19,3,,,61,82,84.8,71.3,12,23,54
55,Kenny Golladay\GollKe00,DET,WR,25,5,5,0,0,0,0,0,0,0,,0,41,27,428,15.85,3,,,61,88,90.8,74.3,12,22,55
56,Drew Brees\BreeDr00,NOR,QB,39,5,5,148,190,1658,11,0,10,6,0.60,2,1,1,1,1.00,0,,1,125,126,129.0,125.5,12,8,56
57,Rob Gronkowski\GronRo00,NWE,TE,29,6,6,0,0,0,0,0,0,0,,0,35,26,405,15.58,1,,,45,71,74.5,57.5,11,6,57
58,Phillip Lindsay\LindPh00,DEN,RB,24,6,0,0,0,0,0,0,61,346,5.67,1,19,14,113,8.07,1,,,58,72,77.9,64.9,10,21,58
59,Brandin Cooks\CookBr00,LAR,WR,25,6,6,0,0,0,0,0,2,16,8.00,0,39,28,505,18.04,1,,,58,86,89.1,72.1,9,24,59
60,Jared Goff\GoffJa00,LAR,QB,24,6,6,134,194,1928,12,5,17,51,3.00,0,0,0,0,,0,,1,122,122,130.2,127.2,9,9,60
61,Austin Hooper\HoopAu00,ATL,TE,24,6,1,0,0,0,0,0,0,0,,0,37,30,273,9.10,2,1,,41,71,74.3,56.3,8,7,61
62,Jimmy Graham\GrahJi00,GNB,TE,32,6,5,0,0,0,0,0,0,0,,0,45,27,349,12.93,1,,,41,68,70.9,54.4,8,8,62
63,O.J. Howard\HowaO.00,TAM,TE,24,5,4,0,0,0,0,0,0,0,,0,21,15,284,18.93,2,,,40,55,58.4,47.9,7,9,63
64,Tevin Coleman\ColeTe01,ATL,RB,25,6,4,0,0,0,0,0,71,260,3.66,1,16,13,105,8.08,2,,,55,68,73.5,61.0,7,22,64
65,Kyle Rudolph\RudoKy00,MIN,TE,29,6,6,0,0,0,0,0,0,0,,0,31,27,266,9.85,2,,,39,66,68.6,52.1,5,10,65
66,Tarik Cohen\CoheTa00,CHI,RB,23,5,3,0,0,0,0,0,32,170,5.31,1,25,21,259,12.33,1,,,53,74,80.9,63.4,5,23,66
67,Trey Burton\BurtTr01,CHI,TE,27,5,5,0,0,0,0,0,1,2,2.00,0,23,15,199,13.27,3,,,38,53,56.1,45.6,5,11,67
68,Jordy Nelson\NelsJo00,OAK,WR,33,6,5,0,0,0,0,0,0,0,,0,31,22,323,14.68,3,1,,52,74,77.3,63.3,3,25,68
69,Keenan Allen\AlleKe00,LAC,WR,26,6,6,0,0,0,0,0,5,46,9.20,0,51,36,434,12.06,1,,,52,88,92.0,70.0,3,26,69
70,Deshaun Watson\WatsDe00,HOU,QB,23,6,6,140,217,1798,9,7,36,203,5.64,1,0,0,0,,0,,,116,116,131.2,123.2,3,10,70
71,Demaryius Thomas\ThomDe03,DEN,WR,31,6,6,0,0,0,0,0,0,0,,0,43,28,330,11.79,3,,,51,79,82.0,65.0,2,27,71
72,Cam Newton\NewtCa00,CAR,QB,29,5,5,112,170,1158,9,4,45,208,4.62,3,0,0,0,,0,,1,115,115,125.1,119.1,2,11,72
73,Tyrell Williams\WillTy00,LAC,WR,26,6,6,0,0,0,0,0,2,15,7.50,0,23,16,310,19.38,3,,,51,67,69.5,58.5,1,28,73
74,Mohamed Sanu\SanuMo00,ATL,WR,29,6,6,0,0,0,0,0,1,-4,-4.00,0,33,22,303,13.77,3,1,,50,72,74.9,60.9,1,29,74
75,Ryan Hewitt\HewiRy00,IND,,27,5,1,0,0,0,0,0,0,0,,0,1,0,0,,0,,,,,,,,1,75
76,Shane Smith\SmitSh02,NYG,,25,2,0,0,0,0,0,0,0,0,,0,0,0,0,,0,,,,,,,,2,76
77,Tom Brady\BradTo00,NWE,QB,41,6,6,145,214,1599,13,6,11,15,1.36,2,0,0,0,,0,,,113,113,124.5,119.5,,12,77
78,Nyheim Hines\HineNy00,IND,RB,22,6,2,0,0,0,0,0,36,113,3.14,1,38,31,185,5.97,2,,,48,79,84.8,63.3,,24,78
79,Andy Dalton\DaltAn00,CIN,QB,31,6,6,149,229,1674,14,7,8,31,3.88,0,0,0,0,,0,,,112,112,122.1,119.1,,13,
80,Blake Bortles\BortBl00,JAX,QB,26,6,6,145,237,1674,9,8,26,188,7.23,1,0,0,0,,0,,,110,110,124.8,117.8,,14,
81,Mitch Trubisky\TrubMi00,CHI,QB,24,5,5,113,161,1261,11,4,25,164,6.56,1,0,0,0,,0,,,105,105,116.8,108.8,,15,
82,Russell Wilson\WilsRu00,SEA,QB,30,6,6,106,165,1308,13,4,17,62,3.65,0,0,0,0,,0,,,101,101,108.5,104.5,,16,
83,Ryan Fitzpatrick\FitzRy00,TAM,QB,36,4,4,87,129,1356,11,5,18,62,3.44,1,0,0,0,,0,,,100,100,108.4,105.4,,17,
84,Joe Flacco\FlacJo00,BAL,QB,33,6,6,164,264,1788,9,4,16,27,1.69,0,0,0,0,,0,,,100,100,108.2,104.2,,18,
85,Dak Prescott\PresDa01,DAL,QB,25,6,6,106,171,1144,7,4,34,203,5.97,1,0,0,0,,0,1,,92,92,103.1,96.1,,19,
86,Case Keenum\KeenCa00,DEN,QB,30,6,6,147,233,1687,7,8,4,22,5.50,1,0,0,0,,0,,,88,88,98.7,95.7,,20,
87,Matthew Stafford\StafMa00,DET,QB,30,5,5,126,191,1385,10,5,6,28,4.67,0,0,0,0,,0,,,86,86,95.2,91.2,,21,
88,Derek Carr\CarrDe02,OAK,QB,27,6,6,167,233,1783,7,8,11,36,3.27,0,0,0,0,,0,,1,85,85,97.9,92.9,,22,
89,Eli Manning\MannEl00,NYG,QB,37,6,6,158,230,1662,6,4,8,12,1.50,0,0,0,0,,0,,2,84,84,92.7,87.7,,23,
90,Alex Smith\SmitAl03,WAS,QB,34,5,5,110,171,1205,6,2,27,68,2.52,1,0,0,0,,0,,,79,79,85.0,81.0,,24,
91,Sam Darnold\DarnSa00,NYJ,QB,21,6,6,107,179,1346,9,7,19,21,1.11,0,0,0,0,,0,,,78,78,87.9,84.9,,25,
92,Carson Wentz\WentCa00,PHI,QB,26,4,4,108,158,1192,8,1,12,58,4.83,0,0,0,0,,0,,,77,77,84.5,78.5,,26,
93,Ryan Tannehill\TannRy00,MIA,QB,30,5,5,85,129,972,8,5,19,91,4.79,0,0,0,0,,0,,,64,64,75.0,69.0,,27,
94,Josh Allen\AlleJo02,BUF,QB,22,6,5,75,139,832,2,5,35,155,4.43,3,0,0,0,,0,,,63,63,74.8,67.8,,28,
95,C.J. Beathard\BeatC.00,SFO,QB,25,4,3,73,114,892,6,5,12,47,3.92,1,0,0,0,,0,,,56,56,66.4,61.4,,29,
96,Baker Mayfield\MayfBa00,CLE,QB,23,4,3,85,153,1076,4,5,10,39,3.90,0,0,0,0,,0,1,1,53,53,62.9,57.9,,30,
97,Marcus Mariota\MariMa01,TEN,QB,25,5,4,75,118,793,2,4,24,147,6.13,1,0,0,0,,0,,,52,52,62.4,56.4,,31,
98,Will Fuller\FullWi01,HOU,WR,24,5,5,0,0,0,0,0,0,0,,0,31,21,311,14.81,3,,,49,70,73.1,59.6,,31,
99,Dede Westbrook\WestDe00,JAX,WR,25,6,1,0,0,0,0,0,2,5,2.50,0,38,27,387,14.33,2,,,49,76,80.2,62.7,,30,
100,Jimmy Garoppolo\GaroJi00,SFO,QB,27,3,3,53,89,718,5,3,8,33,4.13,0,0,0,0,,0,,1,48,48,54.0,51.0,,32,
101,Sterling Shepard\ShepSt00,NYG,WR,25,6,6,0,0,0,0,0,0,0,,0,43,31,341,11.00,2,1,,48,79,82.1,63.6,,32,
102,Kenny Stills\StilKe00,MIA,WR,26,6,6,0,0,0,0,0,0,0,,0,26,15,276,18.40,3,1,,48,63,65.6,55.1,,33,
103,Javorius Allen\AlleJa01,BAL,RB,27,6,0,0,0,0,0,0,35,97,2.77,3,30,24,149,6.21,1,,,47,71,74.6,58.6,,27,
104,Royce Freeman\FreeRo00,DEN,RB,22,6,6,0,0,0,0,0,58,272,4.69,3,6,4,21,5.25,0,,,47,51,54.3,49.3,,25,
105,Chris Godwin\GodwCh00,TAM,WR,22,5,0,0,0,0,0,0,0,0,,0,31,21,249,11.86,4,,,47,68,71.9,57.4,,35,
106,Jarvis Landry\LandJa00,CLE,WR,26,6,5,0,0,0,0,0,0,0,,0,66,31,392,12.65,1,,1,47,78,81.2,62.7,,34,
107,Bilal Powell\PoweBi00,NYJ,RB,30,6,6,0,0,0,0,0,75,323,4.31,0,17,10,105,10.50,1,,,47,57,63.8,51.8,,26,
108,Michael Crabtree\CrabMi00,BAL,WR,31,6,6,0,0,0,0,0,0,0,,0,55,30,343,11.43,2,,,46,76,79.3,61.3,,36,
109,Kenyan Drake\DrakKe00,MIA,RB,24,6,5,0,0,0,0,0,52,210,4.04,1,31,21,145,6.90,1,,,46,67,73.5,56.0,,28,
110,Taylor Gabriel\GabrTa00,CHI,WR,27,5,3,0,0,0,0,0,5,36,7.20,0,34,27,303,11.22,2,,,46,73,75.9,59.4,,37,
111,Chris Carson\CarsCh00,SEA,RB,24,5,5,0,0,0,0,0,78,352,4.51,1,9,6,61,10.17,0,,,45,51,55.3,48.3,,29,
112,Corey Davis\DaviCo03,TEN,WR,23,6,6,0,0,0,0,0,0,0,,0,49,27,385,14.26,1,,,45,72,74.5,58.0,,39,
113,Mike Williams\WillMi07,LAC,WR,24,6,2,0,0,0,0,0,2,13,6.50,0,26,16,253,15.81,3,,,45,61,63.6,52.6,,38,
114,Devin Funchess\FuncDe00,CAR,WR,24,5,5,0,0,0,0,0,0,0,,0,36,23,312,13.57,2,,,43,66,69.2,54.7,,40,
115,Jakeem Grant\GranJa00,MIA,WR,26,6,1,0,0,0,0,0,1,5,5.00,0,21,14,184,13.14,2,,,43,57,59.9,49.9,,41,
116,Frank Gore\GoreFr00,MIA,RB,35,6,6,0,0,0,0,0,62,303,4.89,0,5,4,53,13.25,1,,,42,46,48.6,43.6,,31,
117,Marvin Jones\JoneMa02,DET,WR,28,5,5,0,0,0,0,0,0,0,,0,33,16,241,15.06,3,,,42,58,61.1,50.1,,42,
118,Wendell Smallwood\SmalWe00,PHI,RB,24,6,2,0,0,0,0,0,43,201,4.67,1,17,11,96,8.73,1,1,,42,53,56.7,47.2,,30,
119,Geronimo Allison\AlliGe01,GNB,WR,24,4,4,0,0,0,0,0,0,0,,0,29,19,289,15.21,2,,,41,60,62.9,50.4,,45,
120,Cole Beasley\BeasCo00,DAL,WR,29,6,1,0,0,0,0,0,0,0,,0,35,26,294,11.31,2,,,41,67,70.4,54.4,,43,
121,Giovani Bernard\BernGi00,CIN,RB,27,4,2,0,0,0,0,0,34,155,4.56,3,21,14,78,5.57,0,,,41,55,58.3,48.3,,34,
122,Mike Davis\DaviMi01,SEA,RB,25,5,1,0,0,0,0,0,42,193,4.60,3,11,9,41,4.56,0,,,41,50,53.4,45.9,,32,
123,T.Y. Hilton\HiltT.00,IND,WR,29,4,4,0,0,0,0,0,0,0,,0,38,21,294,14.00,2,,,41,62,65.4,51.9,,44,
124,Kerryon Johnson\JohnKe06,DET,RB,21,5,2,0,0,0,0,0,50,286,5.72,1,15,13,68,5.23,0,,,41,54,57.4,47.9,,33,
125,Tyrod Taylor\TaylTy00,CLE,QB,29,3,3,41,84,462,2,2,16,125,7.81,1,0,0,0,,0,,,41,41,49.0,43.0,,33,
126,Robby Anderson\AndeRo04,NYJ,WR,25,6,3,0,0,0,0,0,1,-9,-9.00,0,26,14,270,19.29,3,,,40,54,59.1,47.1,,46,
127,Alshon Jeffery\JeffAl00,PHI,WR,28,3,3,0,0,0,0,0,0,0,,0,29,18,218,12.11,3,,,40,58,60.8,48.8,,48,
128,Latavius Murray\MurrLa00,MIN,RB,28,6,3,0,0,0,0,0,54,261,4.83,1,13,10,63,6.30,0,1,,40,50,53.4,45.4,,35,
129,Allen Robinson\RobiAl02,CHI,WR,25,5,4,0,0,0,0,0,0,0,,0,38,24,281,11.71,2,,,40,64,67.1,52.1,,47,
130,Nelson Agholor\AghoNe00,PHI,WR,25,6,6,1,1,15,0,0,2,18,9.00,0,48,32,303,9.47,1,,,39,71,73.7,54.7,,49,
131,Jordan Howard\HowaJo00,CHI,RB,24,5,5,0,0,0,0,0,78,272,3.49,1,13,10,78,7.80,0,,,39,49,53.0,44.0,,37,
132,Lamar Miller\MillLa01,HOU,RB,27,5,5,0,0,0,0,0,73,271,3.71,0,13,10,79,7.90,1,,,39,49,53.0,44.0,,36,
133,Jay Ajayi\AjayJa00,PHI,RB,25,4,3,0,0,0,0,0,45,184,4.09,3,6,5,20,4.00,0,1,,38,43,47.4,40.9,,38,
134,Corey Clement\ClemCo00,PHI,RB,24,4,0,0,0,0,0,0,38,155,4.08,2,13,11,100,9.09,0,,,38,49,54.5,43.0,,39,
135,Keelan Cole\ColeKe00,JAX,WR,25,6,6,0,0,0,0,0,0,0,,0,39,25,336,13.44,1,,,38,63,66.6,50.1,,52,
136,Christian Kirk\KirkCh01,ARI,WR,22,6,3,0,0,0,0,0,2,12,6.00,0,33,25,311,12.44,1,,,38,63,66.3,50.8,,50,
137,Sammy Watkins\WatkSa00,KAN,WR,25,6,6,0,0,0,0,0,4,50,12.50,0,33,22,272,12.36,1,,,38,60,63.2,49.2,,51,
138,Marquise Goodwin\GoodMa00,SFO,WR,28,4,4,0,0,0,0,0,3,7,2.33,0,14,9,180,20.00,3,,,37,46,48.7,41.2,,54,
139,Willie Snead\SneaWi00,BAL,WR,26,6,2,0,0,0,0,0,0,0,,0,43,30,313,10.43,1,,,37,67,70.3,52.3,,53,
140,Jameis Winston\WinsJa00,TAM,QB,24,2,1,46,61,540,5,4,6,38,6.33,0,0,0,0,,0,,,37,37,44.4,41.4,,34,
141,Dion Lewis\LewiDi00,TEN,RB,28,6,0,0,0,0,0,0,60,186,3.10,1,27,23,135,5.87,0,,,36,59,66.1,47.6,,40,
142,Terrelle Pryor\PryoTe00,NYJ,WR,29,6,0,0,0,0,0,0,0,0,,0,22,14,235,16.79,2,,,36,50,52.5,42.5,,55,
143,Chris Thompson\ThomCh03,WAS,RB,28,4,0,0,0,0,0,0,23,100,4.35,0,31,26,200,7.69,1,,,36,62,68.0,49.0,,41,
144,Amari Cooper\CoopAm00,OAK,WR,24,6,6,0,0,0,0,0,1,9,9.00,0,32,22,280,12.73,1,,,35,57,59.9,45.9,,57,
145,Donte Moncrief\MoncDo00,JAX,WR,25,6,6,0,0,0,0,0,0,0,,0,40,18,249,13.83,2,,,35,53,56.9,43.9,,56,
146,Ito Smith\SmitIt00,ATL,RB,23,6,0,0,0,0,0,0,32,102,3.19,3,11,10,66,6.60,0,,,35,45,47.8,39.8,,42,
147,Alfred Blue\BlueAl00,HOU,RB,27,6,1,0,0,0,0,0,56,188,3.36,1,15,11,94,8.55,0,,,34,45,48.2,39.7,,43,
148,Chris Hogan\HogaCh00,NWE,WR,30,6,3,0,0,0,0,0,0,0,,0,23,15,221,14.73,2,,,34,49,52.1,41.6,,58,
149,Chester Rogers\RogeCh02,IND,WR,24,6,3,0,0,0,0,0,0,0,,0,42,28,255,9.11,1,1,,34,62,64.5,47.5,,59,
150,Peyton Barber\BarbPe01,TAM,RB,24,5,5,0,0,0,0,0,63,230,3.65,0,10,6,37,6.17,1,,,33,39,41.7,35.7,,46,
151,Quincy Enunwa\EnunQu00,NYJ,WR,26,6,6,0,0,0,0,0,1,0,0.00,0,43,22,287,13.05,1,,,33,55,58.7,43.7,,62,
152,Ryan Grant\GranRy01,IND,WR,28,6,5,0,0,0,0,0,0,0,,0,36,26,270,10.38,1,,,33,59,62.0,46.0,,61,
153,Jesse James\JameJe00,PIT,TE,24,6,4,0,0,0,0,0,0,0,,0,21,17,274,16.12,1,,,33,50,53.4,41.9,,12,
154,LeSean McCoy\McCoLe01,BUF,RB,30,5,5,0,0,0,0,0,61,243,3.98,0,21,13,85,6.54,0,,,33,46,48.8,39.3,,45,
155,Ty Montgomery\MontTy01,GNB,RB,25,6,0,0,0,0,0,0,24,99,4.13,1,21,14,168,12.00,0,,,33,47,49.7,39.7,,47,
156,Alfred Morris\MorrAl00,SFO,RB,30,6,1,0,0,0,0,0,62,228,3.68,1,10,6,66,11.00,0,,,33,39,43.4,36.4,,44,
157,Paul Richardson\RichPa01,WAS,WR,26,5,2,0,0,0,0,0,1,2,2.00,0,24,16,212,13.25,2,,,33,49,52.4,41.4,,60,
158,Duke Johnson\JohnDu00,CLE,RB,25,6,1,0,0,0,0,0,19,111,5.84,0,22,14,164,11.71,0,2,,32,46,51.5,38.5,,48,
159,Brock Osweiler\OsweBr00,MIA,QB,28,2,1,32,49,415,4,2,3,15,5.00,0,0,0,0,,0,,1,32,32,37.1,34.1,,35,
160,Tavon Austin\AustTa00,DAL,WR,28,6,0,0,0,0,0,0,6,55,9.17,0,9,7,130,18.57,2,,,31,38,40.5,34.0,,65,
161,Phillip Dorsett\DorsPh00,NWE,WR,25,6,2,0,0,0,0,0,0,0,,0,24,19,190,10.00,2,,,31,50,53.0,40.5,,63,
162,Vance McDonald\McDoVa00,PIT,TE,28,5,4,0,0,0,0,0,0,0,,0,25,20,274,13.70,1,,,31,51,55.4,41.4,,13,
163,David Moore\MoorDa03,SEA,WR,23,6,1,0,0,0,0,0,1,5,5.00,0,10,7,124,17.71,3,,,31,38,40.9,34.4,,64,
164,David Njoku\NjokDa00,CLE,TE,22,6,5,0,0,0,0,0,0,0,,0,46,27,245,9.07,1,,,31,58,60.5,44.0,,14,
165,Josh Rosen\RoseJo01,ARI,QB,21,4,3,50,90,626,2,2,6,22,3.67,0,0,0,0,,0,,,31,31,36.2,33.2,,36,
166,Rashard Higgins\HiggRa00,CLE,WR,24,5,1,0,0,0,0,0,0,0,,0,23,16,244,15.25,1,,,30,46,49.4,38.4,,66,
167,Jamaal Williams\WillJa06,GNB,RB,23,6,5,0,0,0,0,0,59,224,3.80,0,16,8,57,7.13,0,1,,30,38,41.1,34.1,,49,
168,Nick Chubb\ChubNi00,CLE,RB,23,6,0,0,0,0,0,0,16,173,10.81,2,1,0,0,,0,,,29,29,32.3,29.3,,51,
169,Chris Ivory\IvorCh00,BUF,RB,30,6,1,0,0,0,0,0,51,129,2.53,1,7,5,104,20.80,0,,,29,34,40.3,31.8,,50,
170,Aaron Jones\JoneAa00,GNB,RB,24,4,1,0,0,0,0,0,32,188,5.88,1,6,4,41,10.25,0,,,29,33,35.9,30.9,,52,
171,Jalen Richard\RichJa01,OAK,RB,25,6,0,0,0,0,0,0,11,32,2.91,0,37,31,253,8.16,0,,,29,60,62.5,44.0,,53,
172,Will Dissly\DissWi00,SEA,TE,22,4,4,0,0,0,0,0,0,0,,0,14,8,156,19.50,2,,,28,36,38.6,31.6,,15,
173,Ted Ginn\GinnTe00,NOR,WR,33,4,3,0,0,0,0,0,3,26,8.67,0,22,12,135,11.25,2,1,,28,40,44.1,34.1,,67,
174,Kyle Juszczyk\JuszKy00,SFO,RB,27,6,6,0,0,0,0,0,1,12,12.00,0,23,17,227,13.35,1,,,28,45,48.9,36.4,,54,
175,Courtland Sutton\SuttCo00,DEN,WR,23,6,1,0,0,0,0,0,0,0,,0,30,13,218,16.77,1,,,28,41,43.8,34.3,,68,
176,Antonio Callaway\CallAn00,CLE,WR,21,6,4,0,0,0,0,0,2,7,3.50,0,39,15,186,12.40,1,1,,27,42,45.3,34.8,,69,
177,Cordarrelle Patterson\PattCo00,NWE,WR,27,6,1,0,0,0,0,0,6,32,5.33,0,15,11,114,10.36,2,,,27,38,40.6,32.1,,71,
178,Jordan Reed\ReedJo02,WAS,TE,28,5,3,0,0,0,0,0,0,0,,0,31,20,225,11.25,1,,,27,47,50.5,36.5,,16,
179,Marquez Valdes-Scantling\ValdMa00,GNB,WR,24,6,3,0,0,0,0,0,0,0,,0,21,12,212,17.67,1,,,27,39,42.2,33.2,,70,
180,Cameron Brate\BratCa00,TAM,TE,27,5,0,0,0,0,0,0,0,0,,0,11,7,78,11.14,3,,,26,33,32.8,29.3,,17,
181,Josh Gordon\GordJo02,2TM,WR,27,4,4,0,0,0,0,0,0,0,,0,18,10,141,14.10,2,,,26,36,39.1,31.1,,72,
182,Derrick Henry\HenrDe00,TEN,RB,24,6,6,1,1,8,0,0,72,240,3.33,0,6,4,17,4.25,0,,,26,30,33.0,28.0,,55,
183,Zay Jones\JoneZa00,BUF,WR,23,6,6,0,0,0,0,0,0,0,,0,29,16,199,12.44,1,,,26,42,44.9,33.9,,73,
184,LeGarrette Blount\BlouLe00,DET,RB,32,5,3,0,0,0,0,0,47,117,2.49,2,3,3,14,4.67,0,,,25,28,31.1,26.6,,56,
185,Keke Coutee\CoutKe00,HOU,WR,21,3,1,0,0,0,0,0,3,0,0.00,0,27,20,193,9.65,1,,,25,45,48.3,35.3,,74,
186,Ricky Seals-Jones\SealRi00,ARI,TE,23,6,3,0,0,0,0,0,0,0,,0,31,15,192,12.80,1,,,25,40,43.2,32.7,,18,
187,Torrey Smith\SmitTo02,CAR,WR,29,5,4,0,0,0,0,0,0,0,,0,21,12,110,9.17,2,1,,25,37,40.0,31.0,,75,
188,Tre'Quan Smith\SmitTr03,NOR,WR,22,5,2,0,0,0,0,0,0,0,,0,7,4,129,32.25,2,,,25,29,31.9,26.9,,76,
189,Kendrick Bourne\BourKe00,SFO,WR,23,6,0,0,0,0,0,0,0,0,,0,18,10,120,12.00,2,,,24,34,37.0,29.0,,77,
190,Tyler Eifert\EifeTy00,CIN,TE,28,4,2,0,0,0,0,0,0,0,,0,19,15,179,11.93,1,,,24,39,41.9,31.4,,20,
191,Geoff Swaim\SwaiGe00,DAL,TE,25,6,6,0,0,0,0,0,0,0,,0,21,16,180,11.25,1,,,24,40,43.0,32.0,,19,
192,Laquon Treadwell\TreaLa00,MIN,WR,23,6,2,0,0,0,0,0,0,0,,0,29,19,180,9.47,1,,,24,43,46.0,33.5,,78,
193,Randall Cobb\CobbRa00,GNB,WR,28,3,3,0,0,0,0,0,0,0,,0,27,17,194,11.41,1,,,23,40,44.4,31.9,,79,
194,Jamison Crowder\CrowJa00,WAS,WR,25,4,3,0,0,0,0,0,3,35,11.67,0,20,13,134,10.31,1,,,23,36,38.9,29.4,,80,
195,Pierre Garcon\GarcPi00,SFO,WR,32,6,6,0,0,0,0,0,0,0,,0,39,20,225,11.25,0,,,23,43,45.5,32.5,,82,
196,D.J. Moore\MoorD.00,CAR,WR,21,5,0,0,0,0,0,0,4,46,11.50,0,13,10,162,16.20,1,,,23,33,37.8,27.8,,81,
197,C.J. Uzomah\UzomC.00,CIN,TE,25,6,5,0,0,0,0,0,0,0,,0,17,15,171,11.40,1,,,23,38,41.1,30.6,,21,
198,Mark Andrews\AndrMa00,BAL,TE,22,6,2,0,0,0,0,0,0,0,,0,20,13,155,11.92,1,,,22,35,37.5,28.0,,22,
199,Larry Fitzgerald\FitzLa00,ARI,WR,35,6,6,0,0,0,0,0,0,0,,0,33,22,215,9.77,0,,,22,44,46.5,32.5,,84,
200,Taywan Taylor\TaylTa00,TEN,WR,23,6,1,0,0,0,0,0,0,0,,0,26,18,182,10.11,1,,,22,40,44.2,31.2,,83,
201,Danny Amendola\AmenDa00,MIA,WR,33,6,6,0,0,0,0,0,0,0,,0,31,24,210,8.75,0,,,21,45,48.0,33.0,,85,
202,Kelvin Benjamin\BenjKe00,BUF,WR,27,6,5,0,0,0,0,0,0,0,,0,32,10,146,14.60,1,,,21,31,33.6,25.6,,88,
203,Vernon Davis\DaviVe00,WAS,WR,34,5,4,0,0,0,0,0,0,0,,0,10,9,149,16.56,1,,,21,30,32.9,25.4,,87,
204,Anthony Miller\MillAn02,CHI,WR,24,4,1,0,0,0,0,0,0,0,,0,15,9,89,9.89,2,,,21,30,29.9,25.4,,86,
205,Martavis Bryant\BryaMa00,OAK,WR,27,5,1,0,0,0,0,0,1,4,4.00,0,21,14,220,15.71,0,,,20,34,38.4,27.4,,89,
206,Chris Conley\ConlCh00,KAN,WR,26,6,6,0,0,0,0,0,0,0,,0,19,12,98,8.17,2,,,20,32,32.8,25.8,,90,
207,Nick Foles\FoleNi00,PHI,QB,29,2,2,54,82,451,1,1,4,7,1.75,0,1,1,10,10.00,0,,,20,21,25.7,21.2,,37,
208,Brandon Marshall\MarsBr00,SEA,WR,34,6,2,0,0,0,0,0,0,0,,0,23,11,136,12.36,1,,,20,31,33.6,25.1,,94,
209,Rashaad Penny\PennRa00,SEA,RB,22,6,0,0,0,0,0,0,38,135,3.55,0,9,6,62,10.33,0,,,20,26,28.7,22.7,,57,
210,Seth Roberts\RobeSe00,OAK,WR,27,5,0,0,0,0,0,0,0,0,,0,22,15,138,9.20,1,,,20,35,37.8,27.3,,91,
211,John Ross\RossJo00,CIN,WR,24,4,2,0,0,0,0,0,1,-3,-3.00,0,15,7,79,11.29,2,,,20,27,26.6,23.1,,93,
212,Tajae Sharpe\SharTa00,TEN,WR,24,6,5,0,0,0,0,0,1,16,16.00,0,15,9,121,13.44,1,,,20,29,31.7,24.2,,92,
213,Jaron Brown\BrowJa03,SEA,WR,28,6,1,0,0,0,0,0,0,0,,0,10,7,73,10.43,2,,,19,26,26.3,22.8,,95,
214,Dalvin Cook\CookDa01,MIN,RB,23,3,3,0,0,0,0,0,36,98,2.72,0,12,9,107,11.89,0,,,19,28,31.5,23.0,,60,
215,Rhett Ellison\ElliRh00,NYG,TE,30,5,5,0,0,0,0,0,0,0,,0,14,11,106,9.64,1,1,,19,30,32.6,24.1,,25,
216,Antonio Gates\GateAn00,LAC,TE,38,6,0,0,0,0,0,0,0,0,,0,18,10,112,11.20,1,1,,19,29,32.2,24.2,,23,
217,Adam Humphries\HumpAd00,TAM,WR,25,5,3,0,0,0,0,0,1,4,4.00,0,23,16,183,11.44,0,,,19,35,37.7,26.7,,97,
218,Mark Ingram\IngrMa01,NOR,RB,29,1,1,0,0,0,0,0,16,53,3.31,2,3,2,20,10.00,0,,,19,21,21.3,20.3,,58,
219,Zach Pascal\PascZa00,IND,WR,24,6,2,0,0,0,0,0,1,8,8.00,0,27,14,124,8.86,1,,,19,33,36.2,26.2,,96,
220,Erik Swoope\SwooEr00,IND,TE,26,4,1,0,0,0,0,0,0,0,,0,7,6,66,11.00,2,,,19,25,24.6,21.6,,26,
221,Trent Taylor\TaylTr02,SFO,WR,24,5,0,0,0,0,0,0,0,0,,0,23,16,125,7.81,1,,,19,35,37.5,26.5,,98,
222,Ben Watson\WatsBe00,NOR,TE,38,5,4,0,0,0,0,0,0,0,,0,22,17,187,11.00,0,,,19,36,38.7,27.2,,24,
223,Jordan Wilkins\WilkJo01,IND,RB,24,6,3,0,0,0,0,0,44,175,3.98,0,10,9,34,3.78,0,,,19,28,31.9,23.4,,59,
224,Devontae Booker\BookDe00,DEN,RB,26,6,0,0,0,0,0,0,13,51,3.92,0,20,15,127,8.47,0,,,18,33,35.8,25.3,,61,
225,Julian Edelman\EdelJu00,NWE,WR,32,2,2,0,0,0,0,0,1,7,7.00,0,16,11,111,10.09,1,,,18,29,31.8,23.3,,100,
226,Josh Hill\HillJo02,NOR,TE,28,5,2,0,0,0,0,0,0,0,,0,8,8,124,15.50,1,,,18,26,29.4,22.4,,27,
227,Jarius Wright\WrigJa02,CAR,WR,29,5,3,0,0,0,0,0,0,0,,0,22,13,120,9.23,1,,,18,31,34.0,24.5,,99,
228,C.J. Anderson\AndeC.00,CAR,RB,27,5,1,0,0,0,0,0,16,84,5.25,0,3,1,24,24.00,1,,,17,18,17.8,17.3,,62,
229,Dallas Goedert\GoedDa00,PHI,TE,23,6,3,0,0,0,0,0,0,0,,0,15,13,113,8.69,1,,,17,30,33.3,23.8,,28,
230,Jermaine Kearse\KearJe01,NYJ,WR,28,5,2,0,0,0,0,0,0,0,,0,27,16,165,10.31,0,,,17,33,35.5,24.5,,102,
231,Jordan Matthews\MattJo00,PHI,WR,26,4,1,0,0,0,0,0,0,0,,0,9,6,107,17.83,1,,,17,23,25.7,19.7,,101,
232,Theo Riddick\RiddTh00,DET,RB,27,5,0,0,0,0,0,0,8,30,3.75,0,30,23,138,6.00,0,,,17,40,42.8,28.3,,63,
233,Malcolm Brown\BrowMa03,LAR,RB,25,6,0,0,0,0,0,0,23,117,5.09,0,4,2,18,9.00,0,1,,16,18,20.5,16.5,,64,
234,Evan Engram\EngrEv00,NYG,TE,24,3,3,0,0,0,0,0,0,0,,0,13,10,104,10.40,1,,,16,26,29.4,21.4,,30,
235,Virgil Green\GreeVi00,LAC,TE,30,6,6,0,0,0,0,0,0,0,,0,9,9,104,11.56,1,,,16,25,28.4,20.9,,29,
236,Christopher Herndon\HernCh00,NYJ,TE,22,6,4,0,0,0,0,0,0,0,,0,9,7,103,14.71,1,,,16,23,26.3,19.8,,31,
237,Marcus Johnson\JohnMa07,IND,WR,24,5,0,0,0,0,0,0,1,-2,-2.00,0,8,6,102,17.00,1,,,16,22,25.0,19.0,,104,
238,Dante Pettis\PettDa00,SFO,WR,23,4,1,0,0,0,0,0,0,0,,0,7,3,96,32.00,1,,,16,19,18.6,17.1,,105,
239,Aldrick Robinson\RobiAl00,MIN,WR,30,4,0,0,0,0,0,0,0,0,,0,5,3,42,14.00,2,,,16,19,19.2,17.7,,103,
240,Bruce Ellington\ElliBr00,HOU,WR,27,3,1,0,0,0,0,0,0,0,,0,12,8,92,11.50,1,,,15,23,23.2,19.2,,107,
241,Taysom Hill\HillTa00,NOR,QB,28,5,0,1,2,10,0,0,12,90,7.50,1,1,1,-4,-4.00,0,,,15,16,16.0,15.5,,38,
242,Cameron Meredith\MereCa00,NOR,WR,26,3,1,0,0,0,0,0,0,0,,0,10,9,114,12.67,1,,,15,24,28.4,19.9,,106,
243,Austin Seferian-Jenkins\SefeAu00,JAX,TE,26,5,5,0,0,0,0,0,0,0,,0,20,11,90,8.18,1,,,15,26,26.0,20.5,,32,
244,Darren Fells\FellDa01,CLE,TE,32,6,4,0,0,0,0,0,0,0,,0,6,5,84,16.80,1,,,14,19,19.4,16.9,,33,
245,Ryan Griffin\GrifRy00,HOU,TE,28,6,6,0,0,0,0,0,0,0,,0,25,10,140,14.00,0,,,14,24,27.0,19.0,,34,
246,Demetrius Harris\HarrDe03,KAN,TE,27,5,0,0,0,0,0,0,0,0,,0,8,4,77,19.25,1,,,14,18,17.7,15.7,,35,
247,Allen Hurns\HurnAl01,DAL,WR,27,6,4,0,0,0,0,0,0,0,,0,22,8,84,10.50,1,,,14,22,22.4,18.4,,108,
248,Ryan Switzer\SwitRy00,PIT,WR,24,6,1,0,0,0,0,0,4,14,3.50,0,15,13,67,5.15,1,,,14,27,27.1,20.6,,109,
249,Doug Baldwin\BaldDo00,SEA,WR,30,4,4,0,0,0,0,0,0,0,,0,17,12,133,11.08,0,,,13,25,28.3,19.3,,110,
250,Sam Bradford\BradSa00,ARI,QB,31,3,3,50,80,400,2,4,2,7,3.50,0,0,0,0,,0,,,13,13,21.7,16.7,,39,
251,Jason Croom\CrooJa00,BUF,TE,24,6,0,0,0,0,0,0,0,0,,0,11,8,73,9.13,1,,,13,21,21.3,17.3,,37,
252,Jeff Heuerman\HeueJe00,DEN,TE,26,6,5,0,0,0,0,0,0,0,,0,25,14,130,9.29,0,,,13,27,30.0,20.0,,38,
253,Lance Kendricks\KendLa00,GNB,TE,30,6,0,0,0,0,0,0,0,0,,0,11,7,67,9.57,1,,,13,20,19.7,16.2,,39,
254,Marlon Mack\MackMa00,IND,RB,22,2,2,0,0,0,0,0,22,123,5.59,0,4,2,6,3.00,0,,,13,15,17.9,13.9,,65,
255,Anthony Sherman\SherAn00,KAN,RB,30,6,0,0,0,0,0,0,0,0,,0,4,4,65,16.25,1,,,13,17,16.5,14.5,,66,
256,Maxx Williams\WillMa04,BAL,TE,24,6,5,0,0,0,0,0,1,7,7.00,0,14,14,127,9.07,0,,,13,27,30.4,20.4,,36,
257,Nick Boyle\BoylNi00,BAL,TE,25,6,4,0,0,0,0,0,0,0,,0,22,12,121,10.08,0,,,12,24,27.1,18.1,,41,
258,Rex Burkhead\BurkRe00,NWE,RB,28,3,2,0,0,0,0,0,24,86,3.58,0,6,3,31,10.33,0,,,12,15,14.7,13.2,,67,
259,Charles Clay\ClayCh00,BUF,TE,29,6,5,0,0,0,0,0,0,0,,0,20,13,119,9.15,0,,,12,25,27.9,18.4,,42,
260,Blaine Gabbert\GabbBl00,TEN,QB,29,3,2,25,45,242,1,1,2,2,1.00,0,0,0,0,,0,,,12,12,12.9,12.9,,40,
261,Tyler Higbee\HigbTy00,LAR,TE,25,6,6,0,0,0,0,0,0,0,,0,9,5,64,12.80,1,,,12,17,17.4,14.9,,40,
262,Chad Williams\WillCh05,ARI,WR,24,6,4,0,0,0,0,0,0,0,,0,21,5,58,11.60,1,,,12,17,16.8,14.3,,111,
263,Michael Gallup\GallMi00,DAL,WR,22,6,1,0,0,0,0,0,0,0,,0,17,7,109,15.57,0,,,11,18,20.9,14.4,,113,
264,Corey Grant\GranCo00,JAX,RB,27,5,1,0,0,0,0,0,13,40,3.08,0,12,9,67,7.44,0,,,11,20,19.7,15.2,,68,
265,Cody Latimer\LatiCo00,NYG,WR,26,4,1,0,0,0,0,0,0,0,,0,9,6,108,18.00,0,,,11,17,19.8,13.8,,114,
266,Nick O'Leary\OLeaNi00,MIA,TE,26,2,1,0,0,0,0,0,0,0,,0,4,4,49,12.25,1,,,11,15,14.9,12.9,,44,
267,Equanimeous St. Brown\St.BEq00,GNB,WR,22,3,2,0,0,0,0,0,0,0,,0,6,4,108,27.00,0,,,11,15,17.8,12.8,,115,
268,Nick Vannett\VannNi00,SEA,TE,25,5,3,0,0,0,0,0,0,0,,0,18,12,110,9.17,0,,,11,23,26.0,17.0,,43,
269,Spencer Ware\WareSp00,KAN,RB,27,6,0,0,0,0,0,0,10,47,4.70,0,10,6,59,9.83,0,,,11,17,16.6,13.6,,69,
270,James Washington\WashJa00,PIT,WR,22,6,3,0,0,0,0,0,0,0,,0,14,5,49,9.80,1,,,11,16,15.9,13.4,,112,
271,A.J. Derby\DerbA.00,MIA,TE,27,3,0,0,0,0,0,0,0,0,,0,3,2,35,17.50,1,,,10,12,11.5,10.5,,47,
272,Kenneth Dixon\DixoKe00,BAL,RB,24,1,0,0,0,0,0,0,13,44,3.38,1,0,0,0,,0,,,10,10,10.4,10.4,,70,
273,Lamar Jackson\JackLa00,BAL,QB,21,6,0,1,5,24,0,0,17,94,5.53,0,1,0,0,,0,,,10,10,10.4,10.4,,41,
274,Doug Martin\MartDo00,OAK,RB,29,6,0,0,0,0,0,0,27,99,3.67,0,5,4,5,1.25,0,,,10,14,14.4,12.4,,71,
275,James O'Shaughnessy\O'ShJa00,JAX,TE,26,6,2,0,0,0,0,0,0,0,,0,17,9,101,11.22,0,,,10,19,22.1,14.6,,45,
276,Logan Paulsen\PaulLo00,ATL,TE,31,6,5,0,0,0,0,0,0,0,,0,3,3,38,12.67,1,,,10,13,12.8,11.3,,46,
277,Niles Paul\PaulNi00,JAX,TE,29,6,1,0,0,0,0,0,1,-3,-3.00,0,13,10,98,9.80,0,,,10,20,19.5,14.5,,48,
278,Curtis Samuel\SamuCu00,CAR,WR,22,2,0,0,0,0,0,0,0,0,,0,4,2,37,18.50,1,,,10,12,11.7,10.7,,117,
279,Deonte Thompson\ThomDe04,DAL,WR,29,6,4,0,0,0,0,0,0,0,,0,17,12,103,8.58,0,,,10,22,25.3,16.3,,116,
280,De'Anthony Thomas\ThomDe05,KAN,WR,25,5,0,0,0,0,0,0,1,6,6.00,0,5,3,29,9.67,1,,,10,13,12.5,11.0,,118,
281,Jordan Akins\AkinJo00,HOU,TE,26,6,0,0,0,0,0,0,0,0,,0,11,9,89,9.89,0,,,9,18,17.9,13.4,,51,
282,Josh Bellamy\BellJo02,CHI,WR,29,5,1,0,0,0,0,0,0,0,,0,3,3,28,9.33,1,,,9,12,11.8,10.3,,120,
283,Kapri Bibbs\BibbKa00,WAS,RB,25,3,0,0,0,0,0,0,8,23,2.88,1,2,1,6,6.00,0,,,9,10,9.9,9.4,,75,
284,Jake Butt\ButtJa00,DEN,TE,23,3,3,0,0,0,0,0,0,0,,0,13,8,85,10.63,0,,,9,17,16.5,12.5,,53,
285,Garrett Celek\CeleGa00,SFO,TE,30,6,0,0,0,0,0,0,0,0,,0,4,3,29,9.67,1,,,9,12,11.9,10.4,,50,
286,Leonard Fournette\FourLe00,JAX,RB,23,2,2,0,0,0,0,0,20,71,3.55,0,4,4,19,4.75,0,,,9,13,13.0,11.0,,74,
287,Devonta Freeman\FreeDe00,ATL,RB,26,2,2,0,0,0,0,0,14,68,4.86,0,7,5,23,4.60,0,,,9,14,14.1,11.6,,73,
288,Wayne Gallman\GallWa00,NYG,RB,24,6,1,0,0,0,0,0,14,49,3.50,0,12,8,62,7.75,0,,,9,17,18.1,13.1,,72,
289,Mike Gesicki\GesiMi00,MIA,TE,23,6,2,0,0,0,0,0,0,0,,0,14,9,88,9.78,0,,,9,18,17.8,13.3,,52,
290,Demarcus Robinson\RobiDe01,KAN,WR,24,6,0,0,0,0,0,0,0,0,,0,6,3,34,11.33,1,,,9,12,12.4,10.9,,119,
291,Jordan Thomas\ThomJo05,HOU,TE,22,6,4,0,0,0,0,0,0,0,,0,8,4,91,22.75,0,,,9,13,13.1,11.1,,49,
292,Chase Edmonds\EdmoCh00,ARI,RB,22,6,0,0,0,0,0,0,15,43,2.87,0,10,9,39,4.33,0,,,8,17,17.2,12.7,,77,
293,Gerald Everett\EverGe00,LAR,TE,24,6,0,0,0,0,0,0,0,0,,0,12,8,81,10.13,0,,,8,16,16.1,12.1,,56,
294,Darius Jennings\JennDa00,TEN,WR,26,6,0,0,0,0,0,0,0,0,,0,4,3,19,6.33,0,,,8,11,10.9,9.4,,122,
295,Jordan Leggett\LeggJo00,NYJ,TE,23,5,1,0,0,0,0,0,0,0,,0,6,4,23,5.75,1,,,8,12,12.3,10.3,,54,
296,Raheem Mostert\MostRa00,SFO,RB,26,6,0,0,0,0,0,0,18,98,5.44,0,2,2,6,3.00,0,,,8,10,11.4,9.4,,76,
297,Marcus Murphy\MurpMa03,BUF,RB,27,3,0,0,0,0,0,0,17,70,4.12,0,8,2,8,4.00,0,,,8,10,9.8,8.8,,78,
298,Greg Olsen\OlseGr00,CAR,TE,33,2,2,0,0,0,0,0,0,0,,0,9,6,81,13.50,0,,,8,14,14.1,11.1,,55,
299,Damion Ratley\RatlDa00,CLE,WR,23,3,1,0,0,0,0,0,0,0,,0,8,6,82,13.67,0,,,8,14,14.2,11.2,,121,
300,Michael Roberts\RobeMi01,DET,TE,24,2,1,0,0,0,0,0,0,0,,0,1,1,15,15.00,1,,,8,9,8.5,8.0,,57,
301,Alex Armah\ArmaAl00,CAR,RB,24,5,1,0,0,0,0,0,4,10,2.50,1,0,0,0,,0,,,7,7,7.0,7.0,,80,
302,DJ Chark\CharDJ00,JAX,WR,22,6,0,0,0,0,0,0,0,0,,0,11,4,87,21.75,0,,,7,11,11.7,8.7,,126,
303,Josh Doctson\DoctJo00,WAS,WR,26,4,2,0,0,0,0,0,0,0,,0,19,8,68,8.50,0,,,7,15,14.8,10.8,,125,
304,C.J. Ham\HamxC.00,MIN,RB,25,6,0,0,0,0,0,0,2,6,3.00,0,12,8,61,7.63,0,,,7,15,14.7,10.7,,81,
305,Maurice Harris\HarrMa05,WAS,WR,26,3,1,0,0,0,0,0,1,6,6.00,0,12,6,60,10.00,0,,,7,13,12.6,9.6,,128,
306,Andre Holmes\HolmAn00,BUF,WR,30,6,1,0,0,0,0,0,0,0,,0,16,7,71,10.14,0,,,7,14,14.1,10.6,,123,
307,Zach Line\LineZa01,NOR,RB,28,5,1,0,0,0,0,0,0,0,,0,6,3,10,3.33,1,,,7,10,10.0,8.5,,79,
308,Chris Moore\MoorCh00,BAL,WR,25,6,0,0,0,0,0,0,2,5,2.50,0,10,8,65,8.13,0,,,7,15,15.0,11.0,,124,
309,Joshua Perkins\PerkJo02,PHI,TE,25,6,1,0,0,0,0,0,0,0,,0,10,5,67,13.40,0,,,7,12,11.7,9.2,,59,
310,Andre Roberts\RobeAn00,NYJ,WR,30,6,0,0,0,0,0,0,1,2,2.00,0,2,1,4,4.00,0,,,7,8,7.6,7.1,,127,
311,Ian Thomas\ThomIa00,CAR,TE,22,5,3,0,0,0,0,0,0,0,,0,16,10,72,7.20,0,,,7,17,17.2,12.2,,58,
312,Austin Carr\CarrAu00,NOR,WR,25,5,1,0,0,0,0,0,0,0,,0,7,5,62,12.40,0,,,6,11,11.2,8.7,,130,
313,Jack Doyle\DoylJa00,IND,TE,28,2,2,0,0,0,0,0,0,0,,0,15,9,80,8.89,0,,,6,15,16.0,10.5,,61,
314,Marvin Hall\HallMa02,ATL,WR,25,6,0,0,0,0,0,0,0,0,,0,6,5,64,12.80,0,,,6,11,11.4,8.9,,129,
315,Jacquizz Rodgers\RodgJa00,TAM,RB,28,5,0,0,0,0,0,0,9,13,1.44,0,7,6,43,7.17,0,,,6,12,11.6,8.6,,82,
316,Russell Shepard\ShepRu00,NYG,WR,28,5,0,0,0,0,0,0,0,0,,0,8,4,61,15.25,0,,,6,10,10.1,8.1,,132,
317,Luke Stocker\StocLu00,TEN,TE,30,6,5,0,0,0,0,0,0,0,,0,7,5,63,12.60,0,,,6,11,11.3,8.8,,60,
318,Eric Tomlinson\TomlEr01,NYJ,TE,26,6,5,0,0,0,0,0,0,0,,0,8,5,60,12.00,0,,,6,11,11.0,8.5,,62,
319,Derrick Willies\WillDe06,CLE,WR,24,5,0,0,0,0,0,0,0,0,,0,5,3,61,20.33,0,,,6,9,9.1,7.6,,131,
320,Kamar Aiken\AikeKa00,PHI,WR,29,5,1,0,0,0,0,0,0,0,,0,7,6,53,8.83,0,,,5,11,11.3,8.3,,133,
321,Mo Alie-Cox\AlieMo00,IND,TE,25,2,0,0,0,0,0,0,0,0,,0,4,2,51,25.50,0,,,5,7,7.1,6.1,,64,
322,Alex Erickson\EricAl01,CIN,WR,26,6,1,0,0,0,0,0,1,8,8.00,0,8,6,40,6.67,0,,,5,11,10.8,7.8,,134,
323,Rico Gathers\GathRi00,DAL,TE,24,5,1,0,0,0,0,0,0,0,,0,4,2,46,23.00,0,,,5,7,6.6,5.6,,65,
324,Shelton Gibson\GibsSh00,PHI,WR,23,6,0,0,0,0,0,0,0,0,,0,3,1,48,48.00,0,,,5,6,5.8,5.3,,135,
325,Jermaine Gresham\GresJe00,ARI,TE,30,4,3,0,0,0,0,0,0,0,,0,4,3,46,15.33,0,,,5,8,7.6,6.1,,66,
326,Andy Janovich\JanoAn00,DEN,RB,25,6,2,0,0,0,0,0,1,2,2.00,0,2,2,43,21.50,0,,,5,7,6.5,5.5,,84,
327,Ronald Jones\JoneRo01,TAM,RB,21,2,0,0,0,0,0,0,11,32,2.91,0,5,4,15,3.75,0,,,5,9,8.7,6.7,,83,
328,Josh Reynolds\ReynJo00,LAR,WR,23,6,0,0,0,0,0,0,1,10,10.00,0,6,3,37,12.33,0,,,5,8,7.7,6.2,,136,
329,Delanie Walker\WalkHu00,TEN,TE,34,1,1,0,0,0,0,0,0,0,,0,7,4,52,13.00,0,,,5,9,9.2,7.2,,63,
330,Gus Edwards\EdwaGu00,BAL,RB,23,1,0,0,0,0,0,0,10,42,4.20,0,0,0,0,,0,,,4,4,4.2,4.2,,85,
331,Xavier Grimble\GrimXa00,PIT,TE,26,6,1,0,0,0,0,0,0,0,,0,4,3,44,14.67,0,,,4,7,7.4,5.9,,67,
332,DaeSean Hamilton\HamiDa01,DEN,WR,23,6,0,0,0,0,0,0,0,0,,0,3,3,44,14.67,0,,,4,7,7.4,5.9,,137,
333,Justin Hardy\HardJu00,ATL,WR,27,6,0,0,0,0,0,0,0,0,,0,8,4,37,9.25,0,,,4,8,7.7,5.7,,139,
334,Jacob Hollister\HollJa03,NWE,WR,25,3,1,0,0,0,0,0,0,0,,0,3,3,35,11.67,0,,,4,7,6.5,5.0,,140,
335,Tyler Kroft\KrofTy00,CIN,TE,26,5,2,0,0,0,0,0,0,0,,0,6,4,36,9.00,0,,,4,8,7.6,5.6,,70,
336,Matt LaCosse\LaCoMa00,DEN,TE,26,6,0,0,0,0,0,0,0,0,,0,8,4,43,10.75,0,,,4,8,8.3,6.3,,68,
337,David Morgan\MorgDa01,MIN,TE,25,5,3,0,0,0,0,0,0,0,,0,5,5,36,7.20,0,,,4,9,8.6,6.1,,71,
338,DeVante Parker\ParkDe01,MIA,WR,25,2,1,0,0,0,0,0,0,0,,0,4,2,40,20.00,0,,,4,6,6.0,5.0,,138,
339,Stevan Ridley\RidlSt00,PIT,RB,29,5,0,0,0,0,0,0,10,30,3.00,0,1,1,5,5.00,0,,,4,5,4.5,4.0,,88,
340,Rod Smith\SmitRo06,DAL,RB,26,6,0,0,0,0,0,0,10,37,3.70,0,2,1,0,0.00,0,,,4,5,4.7,4.2,,87,
341,Neal Sterling\SterNe00,NYJ,TE,26,3,3,0,0,0,0,0,0,0,,0,5,5,40,8.00,0,,,4,9,9.0,6.5,,69,
342,Mark Walton\WaltMa00,CIN,RB,21,4,0,0,0,0,0,0,7,7,1.00,0,7,4,31,7.75,0,,,4,8,7.8,5.8,,86,
343,Josh Adams\AdamJo03,PHI,RB,22,4,0,0,0,0,0,0,7,29,4.14,0,0,0,0,,0,,,3,3,2.9,2.9,,93,
344,Kenjon Barner\BarnKe00,NWE,RB,28,2,0,0,0,0,0,0,6,27,4.50,0,0,0,0,,0,,,3,3,2.7,2.7,,94,
345,Mike Boone\BoonMi00,MIN,RB,23,4,0,0,0,0,0,0,4,32,8.00,0,2,2,1,0.50,0,,,3,5,5.3,4.3,,89,
346,Derek Carrier\CarrDe00,OAK,TE,28,6,2,0,0,0,0,0,0,0,,0,6,3,25,8.33,0,,,3,6,5.5,4.0,,77,
347,Jawill Davis\DaviJa07,NYG,WR,23,3,0,0,0,0,0,0,0,0,,0,6,2,27,13.50,0,,,3,5,4.7,3.7,,144,
348,Seth Devalve\DevaSe00,CLE,TE,25,3,1,0,0,0,0,0,0,0,,0,1,1,26,26.00,0,,,3,4,3.6,3.1,,76,
349,James Develin\DeveJa00,NWE,RB,30,6,3,0,0,0,0,0,0,0,,0,9,6,25,4.17,0,,,3,9,8.5,5.5,,95,
350,Anthony Firkser\FirkAn00,TEN,TE,23,2,0,0,0,0,0,0,0,0,,0,2,2,25,12.50,0,,,3,5,4.5,3.5,,78,
351,Robert Foster\FostRo01,BUF,WR,24,6,0,0,0,0,0,0,0,0,,0,9,2,30,15.00,0,,,3,5,5.0,4.0,,142,
352,Mike Gillislee\GillMi00,NOR,RB,28,4,0,0,0,0,0,0,16,43,2.69,0,1,1,9,9.00,0,,,3,4,5.2,3.7,,91,
353,Jeremy Hill\HillJe01,NWE,RB,26,1,0,0,0,0,0,0,4,25,6.25,0,1,1,6,6.00,0,,,3,4,4.1,3.6,,92,
354,Tim Patrick\PatrTi00,DEN,WR,25,6,1,0,0,0,0,0,0,0,,0,5,2,32,16.00,0,,,3,5,5.2,4.2,,141,
355,Scott Simonson\SimoSc00,NYG,TE,26,6,1,0,0,0,0,0,0,0,,0,5,2,31,15.50,0,,,3,5,5.1,4.1,,74,
356,Jonnu Smith\SmitJo01,TEN,TE,23,6,6,0,0,0,0,0,0,0,,0,9,3,33,11.00,0,,,3,6,6.3,4.8,,72,
357,Vyncint Smith\SmitVy00,HOU,WR,22,2,1,0,0,0,0,0,0,0,,0,4,1,28,28.00,0,,,3,4,3.8,3.3,,143,
358,Darren Sproles\SproDa00,PHI,RB,35,1,1,0,0,0,0,0,5,10,2.00,0,7,4,22,5.50,0,,,3,7,7.2,5.2,,90,
359,Logan Thomas\ThomLo00,BUF,TE,27,4,1,0,0,0,0,0,0,0,,0,4,3,31,10.33,0,,,3,6,6.1,4.6,,73,
360,Luke Willson\WillLu00,DET,TE,28,5,4,0,0,0,0,0,0,0,,0,7,4,29,7.25,0,,,3,7,6.9,4.9,,75,
361,Travis Benjamin\BenjTr00,LAC,WR,29,2,1,0,0,0,0,0,1,19,19.00,0,6,2,3,1.50,0,,,2,4,4.2,3.2,,145,
362,Trenton Cannon\CannTr00,NYJ,RB,24,6,0,0,0,0,0,0,6,15,2.50,0,1,1,6,6.00,0,,,2,3,3.1,2.6,,99,
363,DeAndre Carter\CartDe02,PHI,WR,25,5,1,0,0,0,0,0,0,0,,0,2,2,21,10.50,0,,,2,4,4.1,3.1,,146,
364,Derrick Coleman\ColeDe00,ARI,RB,28,6,1,0,0,0,0,0,2,3,1.50,0,2,2,17,8.50,0,,,2,4,4.0,3.0,,101,
365,Benny Cunningham\CunnBe01,CHI,RB,28,5,0,0,0,0,0,0,4,8,2.00,0,2,1,9,9.00,0,,,2,3,2.7,2.2,,104,
366,Patrick DiMarco\DiMaPa00,BUF,RB,29,6,2,0,0,0,0,0,0,0,,0,1,1,24,24.00,0,,,2,3,3.4,2.9,,96,
367,Dwayne Harris\HarrDw00,OAK,WR,31,5,0,0,0,0,0,0,1,-1,-1.00,0,3,3,18,6.00,0,,,2,5,4.7,3.2,,149,
368,Roosevelt Nix\NixxRo01,PIT,RB,26,6,0,0,0,0,0,0,0,0,,0,2,1,19,19.00,0,,,2,3,2.9,2.4,,102,
369,C.J. Prosise\ProsC.00,SEA,RB,24,3,0,0,0,0,0,0,0,0,,0,3,3,22,7.33,0,,,2,5,5.2,3.7,,98,
370,Brian Quick\QuicBr00,WAS,WR,29,4,1,0,0,0,0,0,0,0,,0,3,3,18,6.00,0,,,2,5,4.8,3.3,,147,
371,Lee Smith\SmitLe00,OAK,TE,31,6,2,0,0,0,0,0,0,0,,0,4,3,23,7.67,0,,,2,5,5.3,3.8,,79,
372,Jonathan Stewart\StewJo00,NYG,RB,31,3,0,0,0,0,0,0,6,17,2.83,0,0,0,0,,0,,,2,2,1.7,1.7,,105,
373,Tyrone Swoopes\SwooTy00,SEA,TE,24,1,1,0,0,0,0,0,0,0,,0,1,1,23,23.00,0,,,2,3,3.3,2.8,,80,
374,Levine Toilolo\ToilLe00,DET,TE,27,5,2,0,0,0,0,0,0,0,,0,3,3,19,6.33,0,,,2,5,4.9,3.4,,81,
375,De'Lance Turner\TurnDe01,BAL,RB,23,4,0,0,0,0,0,0,1,4,4.00,0,2,2,17,8.50,0,,,2,4,4.1,3.1,,100,
376,Brandon Wilds\WildBr01,JAX,RB,25,3,0,0,0,0,0,0,6,15,2.50,0,0,0,0,,0,,,2,2,1.5,1.5,,106,
377,Damien Williams\WillDa05,KAN,RB,26,6,0,0,0,0,0,0,3,1,0.33,0,3,3,18,6.00,0,,,2,5,4.9,3.4,,103,
378,Terrance Williams\WillTe01,DAL,WR,29,3,2,0,0,0,0,0,0,0,,0,3,2,18,9.00,0,,,2,4,3.8,2.8,,148,
379,Shaun Wilson\WilsSh01,TAM,RB,23,3,0,0,0,0,0,0,2,15,7.50,0,2,2,9,4.50,0,,,2,4,4.4,3.4,,97,
380,Antony Auclair\AuclAn00,TAM,TE,25,5,2,0,0,0,0,0,0,0,,0,2,2,13,6.50,0,,,1,3,3.3,2.3,,83,
381,Kalen Ballage\BallKa00,MIA,RB,23,2,0,0,0,0,0,0,2,5,2.50,0,0,0,0,,0,,,1,1,0.5,0.5,,116,
382,Tommy Bohanon\BohaTo00,JAX,RB,28,6,3,0,0,0,0,0,0,0,,0,3,1,5,5.00,0,,,1,2,1.5,1.0,,117,
383,Victor Bolden\BoldVi00,SFO,WR,23,2,0,0,0,0,0,0,0,0,,0,4,1,10,10.00,0,,,1,2,2.0,1.5,,156,
384,Michael Burton\BurtMi00,CHI,RB,26,3,1,0,0,0,0,0,0,0,,0,1,1,6,6.00,0,,,1,2,1.6,1.1,,115,
385,Jamaal Charles\CharJa00,JAX,RB,32,1,0,0,0,0,0,0,5,5,1.00,0,2,1,5,5.00,0,,,1,2,2.0,1.5,,111,
386,Orson Charles\CharOr00,CLE,TE,27,6,1,0,0,0,0,0,0,0,,0,3,1,8,8.00,0,,,1,2,1.8,1.3,,88,
387,Sammie Coates\CoatSa00,HOU,WR,25,4,0,0,0,0,0,0,0,0,,0,2,1,12,12.00,0,,,1,2,2.2,1.7,,153,
388,Tyler Conklin\ConkTy00,MIN,TE,23,6,1,0,0,0,0,0,0,0,,0,2,2,13,6.50,0,,,1,3,3.3,2.3,,82,
389,Tyler Ervin\ErviTy00,HOU,RB,25,6,0,0,0,0,0,0,0,0,,0,2,1,12,12.00,0,,,1,2,2.2,1.7,,110,
390,Russell Gage\GageRu00,ATL,WR,22,5,0,0,0,0,0,0,0,0,,0,1,1,9,9.00,0,,,1,2,1.9,1.4,,160,
391,Justin Hardee\HardJu01,NOR,WR,24,5,0,0,0,0,0,0,0,0,,0,1,1,10,10.00,0,,,1,2,2.0,1.5,,158,
392,KhaDarel Hodge\HodgKh00,LAR,WR,23,4,0,0,0,0,0,0,0,0,,0,1,1,14,14.00,0,,,1,2,2.4,1.9,,150,
393,Justin Hunter\HuntJu00,PIT,WR,27,3,0,0,0,0,0,0,0,0,,0,6,1,6,6.00,0,,,1,2,1.6,1.1,,164,
394,Hayden Hurst\HursHa00,BAL,TE,25,2,0,0,0,0,0,0,1,0,0.00,0,3,1,7,7.00,0,,,1,2,1.7,1.2,,89,
395,Justin Jackson\JackJu01,LAC,RB,23,3,0,0,0,0,0,0,3,4,1.33,0,1,1,8,8.00,0,,,1,2,2.2,1.7,,109,
396,Richie James\JameRi00,SFO,WR,23,3,1,0,0,0,0,0,0,0,,0,1,1,7,7.00,0,,,1,2,1.7,1.2,,161,
397,Blake Jarwin\JarwBl00,DAL,TE,24,6,2,0,0,0,0,0,0,0,,0,5,1,11,11.00,0,,,1,2,2.1,1.6,,85,
398,T.J. Jones\JoneT.00,DET,WR,26,5,0,0,0,0,0,0,0,0,,0,5,2,10,5.00,0,,,1,3,3.0,2.0,,157,
399,Robert Kelley\KellRo00,WAS,RB,26,2,0,0,0,0,0,0,4,8,2.00,0,0,0,0,,0,,,1,1,0.8,0.8,,114,
400,Marcus Kemp\KempMa00,KAN,WR,23,6,0,0,0,0,0,0,0,0,,0,1,1,7,7.00,0,,,1,2,1.7,1.2,,163,
401,Jeremy Kerley\KerlJe00,BUF,WR,30,1,1,0,0,0,0,0,0,0,,0,4,2,7,3.50,0,,,1,3,2.7,1.7,,162,
402,Khari Lee\LeexKh00,BUF,TE,26,2,0,0,0,0,0,0,0,0,,0,1,1,5,5.00,0,,,1,2,1.5,1.0,,91,
403,Tre Madden\MaddTr01,SEA,RB,25,6,0,0,0,0,0,0,1,2,2.00,0,2,1,7,7.00,0,,,1,2,1.9,1.4,,112,
404,Josh Malone\MaloJo00,CIN,WR,22,6,0,0,0,0,0,0,0,0,,0,4,1,12,12.00,0,,,1,2,2.2,1.7,,154,
405,Rishard Matthews\MattRi00,TEN,WR,29,3,0,0,0,0,0,0,0,0,,0,6,3,11,3.67,0,,,1,4,4.1,2.6,,155,
406,Christine Michael\MichCh00,IND,RB,28,1,0,0,0,0,0,0,2,9,4.50,0,0,0,0,,0,,,1,1,0.9,0.9,,113,
407,J'Mon Moore\MoorJM00,GNB,WR,23,3,0,0,0,0,0,0,0,0,,0,1,1,10,10.00,0,,,1,2,2.0,1.5,,159,
408,JJ Nelson\NelsJJ00,ARI,WR,26,6,0,0,0,0,0,0,0,0,,0,5,2,13,6.50,0,,,1,3,3.3,2.3,,152,
409,Eric Saubert\SaubEr00,ATL,TE,24,6,0,0,0,0,0,0,0,0,,0,3,1,8,8.00,0,,,1,2,1.8,1.3,,87,
410,Dion Sims\SimsDi00,CHI,TE,27,5,2,0,0,0,0,0,0,0,,0,3,2,9,4.50,0,,,1,3,2.9,1.9,,86,
411,Keith Smith\SmitKe03,OAK,RB,26,6,1,0,0,0,0,0,1,0,0.00,0,4,3,14,4.67,0,,,1,4,4.4,2.9,,108,
412,Roc Thomas\ThomRo05,MIN,RB,23,3,0,0,0,0,0,0,6,8,1.33,0,3,1,6,6.00,0,,,1,2,2.4,1.9,,107,
413,Hakeem Valles\VallHa00,DET,TE,26,3,0,0,0,0,0,0,0,0,,0,3,2,11,5.50,0,,,1,3,3.1,2.1,,84,
414,Tim White\WhitTi00,BAL,WR,24,3,0,0,0,0,0,0,0,0,,0,1,1,14,14.00,0,,,1,2,2.4,1.9,,151,
415,Ameer Abdullah\AbduAm00,DET,,25,1,0,0,0,0,0,0,0,0,,0,0,0,0,,0,,,,,,,,124,
416,Dwayne Allen\AlleDw00,NWE,TE,28,6,3,0,0,0,0,0,0,0,,0,2,1,-4,-4.00,0,,,,1,0.6,0.1,,104,
417,Cameron Artis-Payne\ArtiCa00,CAR,,28,2,0,0,0,0,0,0,0,0,,0,0,0,0,,0,,,,,,,,129,
418,Brandon Bolden\BoldBr00,MIA,,28,6,0,0,0,0,0,0,0,0,,0,0,0,0,,0,,,,,,,,132,
419,Ben Braunecker\BrauBe00,CHI,,24,5,0,0,0,0,0,0,0,0,,0,1,0,0,,0,,,,,,,,98,
420,Teddy Bridgewater\BridTe00,NOR,QB,26,1,0,0,0,0,0,0,3,-3,-1.00,0,0,0,0,,0,,,,,-0.3,-0.3,,49,
421,Jacoby Brissett\BrisJa00,IND,QB,25,1,0,0,1,0,0,0,0,0,,0,0,0,0,,0,,,,,,,,45,
422,Daniel Brown\BrowDa04,CHI,,26,4,0,0,0,0,0,0,0,0,,0,0,0,0,,0,,,,,,,,167,
423,Jehu Chesson\ChesJe00,WAS,,25,1,0,0,0,0,0,0,0,0,,0,1,0,0,,0,,,,,,,,174,
424,Stacy Coley\ColeSt00,2TM,,24,3,0,0,0,0,0,0,0,0,,0,1,0,0,,0,,,,,,,,178,
425,Pharoh Cooper\CoopPh00,LAR,,23,1,0,0,0,0,0,0,0,0,,0,0,0,0,,0,,,,,,,,170,
426,Cody Core\CoreCo00,CIN,,24,4,0,0,0,0,0,0,0,0,,0,3,0,0,,0,,,,,,,,183,
427,Alan Cross\CrosAl00,TAM,,25,5,1,0,0,0,0,0,0,0,,0,1,0,0,,0,,,,,,,,99,
428,Sean Culkin\CulkSe00,LAC,,25,6,3,0,0,0,0,0,0,0,,0,0,0,0,,0,,,,,,,,102,
429,Chase Daniel\DaniCh00,CHI,QB,32,1,0,0,0,0,0,0,2,-2,-1.00,0,0,0,0,,0,,,,,-0.2,-0.2,,47,
430,Darrell Daniels\DaniDa02,SEA,,24,5,2,0,0,0,0,0,0,0,,0,1,0,0,,0,,,,,,,,96,
431,Geremy Davis\DaviGe00,LAC,,26,5,0,0,0,0,0,0,0,0,,0,0,0,0,,0,,,,,,,,175,
432,Justin Davis\DaviJu00,LAR,,23,5,0,0,0,0,0,0,0,0,,0,0,0,0,,0,,,,,,,,122,
433,Joshua Dobbs\DobbJo00,PIT,QB,23,1,0,0,0,0,0,0,1,-3,-3.00,0,0,0,0,,0,,,,,-0.3,-0.3,,48,
434,Michael Floyd\FloyMi00,WAS,,29,2,1,0,0,0,0,0,0,0,,0,1,0,0,,0,,,,,,,,176,
435,David Fluellen\FlueDa00,TEN,,26,4,0,0,0,0,0,0,0,0,,0,0,0,0,,0,,,,,,,,126,
436,Clark Harris\HarrCl20,CIN,,34,6,0,0,0,0,0,0,0,0,,0,0,0,0,,0,,,,,,,,103,
437,Darrius Heyward-Bey\HeywDa00,PIT,,31,4,0,0,0,0,0,0,0,0,,0,0,0,0,,0,,,,,,,,179,
438,Brian Hoyer\HoyeBr00,NWE,QB,33,1,0,0,0,0,0,0,3,-3,-1.00,0,0,0,0,,0,,,,,-0.3,-0.3,,50,
439,Darius Jackson\JackDa01,GNB,,25,2,0,0,0,0,0,0,0,0,,0,0,0,0,,0,,,,,,,,123,
440,Chad Kelly\KellCh00,DEN,QB,24,1,0,0,0,0,0,0,1,-1,-1.00,0,0,0,0,,0,,,,,-0.1,-0.1,,46,
441,Brandon LaFell\LaFeBr00,OAK,,32,2,1,0,0,0,0,0,0,0,,0,0,0,0,,0,,,,,,,,171,
442,Marcedes Lewis\LewiMa00,GNB,,34,6,1,0,0,0,0,0,0,0,,0,1,0,0,,0,,,,,,,,93,
443,Tommylee Lewis\LewiTo00,NOR,,26,2,0,0,0,0,0,0,0,0,,0,0,0,0,,0,,,,,,,,181,
444,Chris Manhertz\ManhCh00,CAR,TE,26,5,1,0,0,0,0,0,0,0,,0,2,1,2,2.00,0,,,,1,1.2,0.7,,92,
445,Bradley Marquez\MarqBr00,DET,,26,1,0,0,0,0,0,0,0,0,,0,0,0,0,,0,,,,,,,,182,
446,Freddie Martino\MartFr00,TAM,,27,4,0,0,0,0,0,0,0,0,,0,1,0,0,,0,,,,,,,,184,
447,Colt McCoy\McCoCo00,WAS,,32,1,0,0,0,0,0,0,0,0,,0,0,0,0,,0,,,,,,,,44,
448,Tanner McEvoy\McEvTa01,MIA,,25,2,0,0,0,0,0,0,0,0,,0,0,0,0,,0,,,,,,,,185,
449,Jeremy McNichols\McNiJe00,IND,RB,23,1,0,0,0,0,0,0,2,4,2.00,0,0,0,0,,0,,,,,0.4,0.4,,118,
450,Detrez Newsome\NewsDe00,LAC,RB,24,3,0,0,0,0,0,0,1,0,0.00,0,0,0,0,,0,,,,,,,,125,
451,Jamize Olawale\OlawJa00,DAL,WR,29,6,3,0,0,0,0,0,0,0,,0,1,1,3,3.00,0,,,,1,1.3,0.8,,165,
452,Brian Parker\ParkBr00,DEN,,26,3,0,0,0,0,0,0,0,0,,0,2,0,0,,0,,,,,,,,101,
453,Charone Peake\PeakCh00,NYJ,,26,3,0,0,0,0,0,0,0,0,,0,0,0,0,,0,,,,,,,,172,
454,Elijhaa Penny\PennEl00,NYG,,25,4,1,0,0,0,0,0,0,0,,0,0,0,0,,0,,,,,,,,130,
455,Samaje Perine\PeriSa00,WAS,RB,23,1,0,0,0,0,0,0,1,3,3.00,0,1,1,-3,-3.00,0,,,,1,1.0,0.5,,128,
456,Senorise Perry\PerrSe00,MIA,,27,6,0,0,0,0,0,0,0,0,,0,0,0,0,,0,,,,,,,,127,
457,Nathan Peterman\PeteNa00,BUF,QB,24,2,1,11,30,85,1,4,2,3,1.50,0,0,0,0,,0,,,,,3.7,3.7,,51,
458,MyCole Pruitt\PruiMy00,TEN,,26,5,0,0,0,0,0,0,0,0,,0,0,0,0,,0,,,,,,,,97,
459,Thomas Rawls\RawlTh00,CIN,,25,1,0,0,0,0,0,0,0,0,,0,0,0,0,,0,,,,,,,,131,
460,Matt Schaub\SchaMa00,ATL,QB,37,2,0,5,7,20,0,0,1,0,0.00,0,1,1,-7,-7.00,0,,,,1,1.1,0.6,,42,
461,Matt Slater\SlatMa00,NWE,,33,6,0,0,0,0,0,0,0,0,,0,0,0,0,,0,,,,,,,,169,
462,Geno Smith\SmitGe00,LAC,QB,28,2,0,1,1,8,0,0,3,-3,-1.00,0,0,0,0,,0,,,,,,,,43,
463,Nate Solder\SoldNa00,NYG,,30,6,6,0,0,0,0,0,0,0,,0,0,0,0,,0,,,,,,,,94,
464,Jeremy Sprinkle\SpriJe00,WAS,,24,5,3,0,0,0,0,0,0,0,,0,0,0,0,,0,,,,,,,,100,
465,Brandon Tate\TateBr00,NOR,,31,1,0,0,0,0,0,0,0,0,,0,0,0,0,,0,,,,,,,,173,
466,Mike Thomas\ThomMi04,LAR,,24,1,0,0,0,0,0,0,0,0,,0,0,0,0,,0,,,,,,,,166,
467,Mike Wallace\WallMi00,PHI,,32,2,2,0,0,0,0,0,0,0,,0,3,0,0,,0,,,,,,,,180,
468,Dwayne Washington\WashDw00,NOR,RB,24,2,0,0,0,0,0,0,2,2,1.00,0,0,0,0,,0,,,,,0.2,0.2,,119,
469,Derek Watt\WattDe00,LAC,RB,26,6,0,0,0,0,0,0,1,1,1.00,0,0,0,0,,0,,,,,0.1,0.1,,120,
470,Joe Webb\WebbJo00,HOU,,32,6,0,0,0,0,0,0,0,0,,0,0,0,0,,0,,,,,,,,187,
471,Markus Wheaton\WheaMa00,PHI,,27,1,0,0,0,0,0,0,0,0,,0,0,0,0,,0,,,,,,,,168,
472,Kevin White\WhitKe00,CHI,,26,5,0,0,0,0,0,0,0,0,,0,0,0,0,,0,,,,,,,,177,
473,Cole Wick\WickCo00,SFO,,25,5,0,0,0,0,0,0,0,0,,0,1,0,0,,0,,,,,,,,95,
474,Jonathan Williams\WillJo07,NOR,RB,24,3,0,0,0,0,0,0,3,0,0.00,0,1,1,1,1.00,0,,,,1,1.1,0.6,,121,
475,Nick Williams\WillNi02,TEN,,28,2,0,0,0,0,0,0,0,0,,0,2,0,0,,0,,,,,,,,186,
476,Nick Bellore\BellNi01,DET,RB,29,5,1,0,0,0,0,0,0,0,,0,1,1,-5,-5.00,0,,,-1,1,0.5,,,133,
477,Ray-Ray McCloud\McClRa00,BUF,WR,22,4,1,0,0,0,0,0,1,-3,-3.00,0,3,3,15,5.00,0,,,-1,2,3.2,0.7,,188,
478,Rod Streater\StreRo00,CLE,WR,30,3,0,0,0,0,0,0,1,-11,-11.00,0,0,0,0,,0,,,-1,-1,-1.1,-1.1,,189,
479,Robert Turbin\TurbRo00,IND,RB,29,2,0,0,0,0,0,0,4,10,2.50,0,2,1,3,3.00,0,,,-1,,1.3,-0.2,,134,
480,Matt Cassel\CassMa00,DET,QB,36,1,0,2,6,14,0,1,1,-1,-1.00,0,0,0,0,,0,,,-2,-2,-0.5,-0.5,,52,
481,Kaelin Clay\ClayKa00,NYG,,26,2,0,0,0,0,0,0,0,0,,0,0,0,0,,0,,,-2,-2,-1.0,-2.0,,191,
482,JJ Jones\JoneJJ00,LAC,WR,26,3,0,0,0,0,0,0,1,0,0.00,0,0,0,0,,0,,,-2,-2,-1.0,-2.0,,190,
483,DeShone Kizer\KizeDe00,GNB,QB,22,1,0,4,7,55,0,1,0,0,,0,0,0,0,,0,,,-2,-2,0.2,-0.8,,53,
